-- phpMyAdmin SQL Dump
-- version 5.0.4
-- https://www.phpmyadmin.net/
--
-- Host: localhost
-- Tempo de geração: 25-Ago-2021 às 23:28
-- Versão do servidor: 8.0.25
-- versão do PHP: 7.3.28

SET SQL_MODE = "NO_AUTO_VALUE_ON_ZERO";
START TRANSACTION;
SET time_zone = "+00:00";


/*!40101 SET @OLD_CHARACTER_SET_CLIENT=@@CHARACTER_SET_CLIENT */;
/*!40101 SET @OLD_CHARACTER_SET_RESULTS=@@CHARACTER_SET_RESULTS */;
/*!40101 SET @OLD_COLLATION_CONNECTION=@@COLLATION_CONNECTION */;
/*!40101 SET NAMES utf8mb4 */;

--
-- Banco de dados: `ACERVO`
--

-- --------------------------------------------------------

--
-- Estrutura da tabela `ALBUNS`
--

CREATE TABLE `ALBUNS` (
  `ALBCODIGO` int UNSIGNED NOT NULL,
  `ALBNOME` varchar(150) DEFAULT NULL,
  `ALBGRAVADORA` int UNSIGNED DEFAULT NULL,
  `ALBGENERO` int UNSIGNED DEFAULT NULL,
  `ALBDTLANCAMENTO` datetime DEFAULT CURRENT_TIMESTAMP,
  `ALBBANDA` int UNSIGNED DEFAULT NULL,
  `ALBARTISTA` int UNSIGNED DEFAULT NULL,
  `ALBCAPA` varchar(250) DEFAULT NULL,
  `ALBMIDIA` int UNSIGNED NOT NULL
) ENGINE=InnoDB DEFAULT CHARSET=utf8mb4;

--
-- Extraindo dados da tabela `ALBUNS`
--

INSERT INTO `ALBUNS` (`ALBCODIGO`, `ALBNOME`, `ALBGRAVADORA`, `ALBGENERO`, `ALBDTLANCAMENTO`, `ALBBANDA`, `ALBARTISTA`, `ALBCAPA`, `ALBMIDIA`) VALUES
(1, 'Sgt. Peppers Lonely Hearts Club Band', 1, 1, '1967-06-05 00:00:00', 1, NULL, NULL, 3),
(2, 'Goodbye Yellow Brick Road', 2, 1, '1973-08-05 00:00:00', NULL, 5, NULL, 3),
(3, 'Hunky Dory', 3, 1, '1971-12-17 00:00:00', NULL, 6, NULL, 3),
(4, 'SINGLES', 14, 5, '2015-09-25 00:00:00', 4, NULL, NULL, 1),
(5, 'Red Pill Blues', 18, 5, '2017-11-03 00:00:00', 4, NULL, NULL, 1),
(6, 'Oh My My', 22, 5, '2016-10-07 00:00:00', 5, NULL, NULL, 1),
(7, 'Native', 22, 5, '2013-03-22 00:00:00', 5, NULL, NULL, 1),
(8, 'A Night at Opera', 23, 6, '1975-11-21 00:00:00', 6, NULL, NULL, 1),
(9, 'Sheer Heart Attack', 24, 6, '1974-11-08 00:00:00', 6, NULL, NULL, 1),
(10, 'Jazz', 24, 6, '1978-11-10 00:00:00', 6, NULL, NULL, 1),
(11, 'Meteora', 8, 1, '2003-03-25 00:00:00', 10, NULL, NULL, 1),
(12, 'Nevermind', 13, 1, '1991-09-24 00:00:00', 11, NULL, NULL, 1),
(13, 'Evolve', 14, 5, '2017-06-23 00:00:00', 14, NULL, NULL, 1),
(14, 'Death Race for Love', 28, 22, '2019-01-01 00:00:00', NULL, 116, NULL, 4),
(15, 'At the edge time', 9, 2, '2010-07-30 00:00:00', 15, NULL, NULL, 4),
(16, 'Somewhere Far Beyond', 10, 2, '1992-06-30 00:00:00', 15, NULL, NULL, 4),
(17, 'Our Love to Admire', 11, 2, '2007-07-10 00:00:00', 16, NULL, NULL, 4),
(18, 'The new abnormal', 12, 2, '2020-04-10 00:00:00', 17, NULL, NULL, 4),
(19, 'THIS IS ME... THEN', 5, 11, '2002-11-19 00:00:00', NULL, 7, NULL, 1),
(20, 'REBIRTH', 5, 11, '2005-03-01 00:00:00', NULL, 7, NULL, 1),
(21, 'LOVE?', 26, 5, '2011-04-28 00:00:00', NULL, 7, NULL, 1),
(22, 'REFLECTION', 5, 11, '2015-02-03 00:00:00', 9, NULL, NULL, 1),
(23, '(7/27)', 5, 5, '2016-05-27 00:00:00', 9, NULL, NULL, 1),
(24, 'FIFTH HARMONY', 5, 11, '2017-08-25 00:00:00', 9, NULL, NULL, 1),
(25, 'SELENA Y LOS DINOS ', 25, 5, '1984-07-15 00:00:00', NULL, 18, NULL, 1),
(26, 'AMOR PROHIBIDO', 25, 10, '1994-03-13 00:00:00', NULL, 18, NULL, 1),
(27, 'DREAMING OF YOU ', 25, 11, '1995-07-18 00:00:00', NULL, 18, NULL, 1),
(28, 'Exclusive', 4, 7, '2007-11-06 00:00:00', NULL, 91, NULL, 1),
(29, 'Dangerous', 5, 5, '1991-11-26 00:00:00', NULL, 92, NULL, 1),
(30, '24K Magic', 6, 5, '2016-11-18 00:00:00', NULL, 93, NULL, 1),
(31, 'Tamo Aí na Atividade', 25, 15, '2004-12-01 00:00:00', 18, NULL, NULL, 1),
(32, 'Live On Stage', 27, 21, '2017-10-06 00:00:00', NULL, 104, NULL, 1),
(33, 'Me Against the World', 14, 7, '1995-03-14 00:00:00', NULL, 105, NULL, 1),
(34, 'F*ck Love', 21, 22, '2020-01-01 00:00:00', NULL, 117, NULL, 4),
(35, 'We Love You Tecca', 29, 22, '2018-09-23 00:00:00', NULL, 118, NULL, 4),
(36, 'Cry Baby', 31, 9, '2015-08-14 00:00:00', NULL, 119, NULL, 5),
(37, 'K-12', 31, 9, '2019-09-06 00:00:00', NULL, 119, NULL, 5),
(38, 'Dollhouse', 31, 9, '2014-05-19 00:00:00', NULL, 119, NULL, 5),
(39, 'After School', 31, 9, '2020-09-25 00:00:00', NULL, 119, NULL, 5),
(40, 'Anti', 30, 5, '2016-01-28 00:00:00', NULL, 120, NULL, 1),
(41, 'Talk That Talk', 30, 5, '2011-11-18 00:00:00', NULL, 120, NULL, 1),
(42, 'A Girl like Me', 30, 5, '2006-04-10 00:00:00', NULL, 120, NULL, 1),
(43, 'Cry Baby', 31, 9, '2015-08-14 00:00:00', NULL, 119, NULL, 5),
(44, 'K-12', 31, 9, '2019-09-06 00:00:00', NULL, 119, NULL, 5),
(45, 'Dollhouse', 31, 9, '2014-05-19 00:00:00', NULL, 119, NULL, 5),
(46, 'After School', 31, 9, '2020-09-25 00:00:00', NULL, 119, NULL, 5),
(47, 'Anti', 30, 5, '2016-01-28 00:00:00', NULL, 120, NULL, 1),
(48, 'Talk That Talk', 30, 5, '2011-11-18 00:00:00', NULL, 120, NULL, 1),
(49, 'A Girl like Me', 30, 5, '2006-04-10 00:00:00', NULL, 120, NULL, 1),
(50, 'Cry Baby', 31, 9, '2015-08-14 00:00:00', NULL, 119, NULL, 5),
(51, 'K-12', 31, 9, '2019-09-06 00:00:00', NULL, 119, NULL, 5),
(52, 'Dollhouse', 31, 9, '2014-05-19 00:00:00', NULL, 119, NULL, 5),
(53, 'After School', 31, 9, '2020-09-25 00:00:00', NULL, 119, NULL, 5),
(54, 'Anti', 30, 5, '2016-01-28 00:00:00', NULL, 120, NULL, 1),
(55, 'Talk That Talk', 30, 5, '2011-11-18 00:00:00', NULL, 120, NULL, 1),
(56, 'A Girl like Me', 30, 5, '2006-04-10 00:00:00', NULL, 120, NULL, 1),
(57, 'Cry Baby', 31, 9, '2015-08-14 00:00:00', NULL, 119, NULL, 5),
(58, 'K-12', 31, 9, '2019-09-06 00:00:00', NULL, 119, NULL, 5),
(59, 'Dollhouse', 31, 9, '2014-05-19 00:00:00', NULL, 119, NULL, 5),
(60, 'Cry Baby', 31, 9, '2015-08-14 00:00:00', NULL, 119, NULL, 5),
(61, 'K-12', 31, 9, '2019-09-06 00:00:00', NULL, 119, NULL, 5),
(62, 'Dollhouse', 31, 9, '2014-05-19 00:00:00', NULL, 119, NULL, 5),
(63, 'After School', 31, 9, '2020-09-25 00:00:00', NULL, 119, NULL, 5),
(64, 'Anti', 30, 5, '2016-01-28 00:00:00', NULL, 120, NULL, 1),
(65, 'Talk That Talk', 30, 5, '2011-11-18 00:00:00', NULL, 120, NULL, 1),
(66, 'A Girl like Me', 30, 5, '2006-04-10 00:00:00', NULL, 120, NULL, 1),
(67, 'Wiped Out!', 21, 14, '2015-10-30 00:00:00', NULL, 19, NULL, 1),
(68, 'I Love You', 21, 14, '2013-04-22 00:00:00', NULL, 19, NULL, 1),
(69, 'The Neighbourhood', 21, 14, '2018-03-09 00:00:00', NULL, 19, NULL, 1),
(70, 'The Neighbourhood', 21, 14, '2018-03-09 00:00:00', 19, NULL, NULL, 1),
(71, 'I Love You', 21, 14, '2013-04-22 00:00:00', 19, NULL, NULL, 1),
(72, 'The Neighbourhood', 21, 14, '2018-03-09 00:00:00', 19, NULL, NULL, 1),
(73, 'Curtain Call', 7, 7, '2005-01-01 00:00:00', NULL, 1, NULL, 1),
(74, 'Bon Jovi The Greatest Hits', 1, 2, '2010-01-01 00:00:00', 20, NULL, NULL, 1),
(75, 'Scorpion', 8, 7, '2008-01-01 00:00:00', NULL, 130, NULL, 1),
(76, 'ANA CAR9LINA + UM', 7, 1, '2009-11-29 00:00:00', NULL, 8, NULL, 1),
(77, 'ECHOES, SILENCE, PATIENCE & GRACE', 1, 2, '2007-11-25 00:00:00', 1, NULL, NULL, 1),
(78, 'BLACK HOLES AND REVELATIONS', 8, 2, '2006-07-03 00:00:00', 2, NULL, NULL, 1),
(79, 'HOLLYWOOD´S BLEEDING', 29, 24, '2019-08-06 00:00:00', NULL, 135, NULL, 1),
(80, 'AM', 25, 2, '2013-08-09 00:00:00', 21, NULL, NULL, 1),
(81, 'TRANQUILITY BASE HOTEL & CASINO', 25, 2, '2018-05-11 00:00:00', 21, NULL, NULL, 1);

-- --------------------------------------------------------

--
-- Estrutura da tabela `ARTISTAS`
--

CREATE TABLE `ARTISTAS` (
  `ARTCODIGO` int UNSIGNED NOT NULL,
  `ARTNOME` varchar(150) DEFAULT NULL,
  `ARTDTINICIO` datetime DEFAULT CURRENT_TIMESTAMP,
  `ARTDTTERMINO` datetime DEFAULT NULL,
  `ARTAPRESENTACAO` text
) ENGINE=InnoDB DEFAULT CHARSET=utf8mb4;

--
-- Extraindo dados da tabela `ARTISTAS`
--

INSERT INTO `ARTISTAS` (`ARTCODIGO`, `ARTNOME`, `ARTDTINICIO`, `ARTDTTERMINO`, `ARTAPRESENTACAO`) VALUES
(1, 'PAUL MCCARTNEY', '1957-01-01 00:00:00', NULL, NULL),
(2, 'JOHN LENNON', '1956-01-01 00:00:00', '1980-01-01 00:00:00', NULL),
(3, 'RINGO STARR', '1957-01-01 00:00:00', NULL, NULL),
(4, 'GEORGE HARISSON', '1958-01-01 00:00:00', '2001-01-01 00:00:00', NULL),
(5, 'ELTON JOHN', '1964-01-01 00:00:00', NULL, 'Elton Hercules John, Kt, GBE (nascido Reginald Kenneth Dwight; Londres, 25 de março de 1947), é um pianista, cantor, compositor e produtor britânico. Tem o letrista Bernie Taupin como parceiro de composições desde 1967, com mais de quarenta álbuns produzidos juntos. Em sua carreira de cinco décadas, Elton John já vendeu mais de 300 milhões de discos, tornando-o um dos músicos de maior sucesso no mundo. O artista tem mais de cinquenta sucessos no Top 40, incluindo sete álbuns No. 1 consecutivos nos Estados Unidos, 58 singles na Billboard Top 40, 27 Top 10, quatro No. 2 e nove No. 1. Durante 31 anos consecutivos (1970-2000), teve ao menos uma canção na Billboard Hot 100. Seu único tributo, uma canção reescrita em 1997 em homenagem à amiga falecida princesa Diana, Candle in the Wind, vendeu mais de 33 milhões de cópias em todo o mundo, sendo o single mais vendido na história do Reino Unido e dos EUA nas paradas de singles. Elton John também compôs as músicas, produziu álbuns, e ocasionalmente atuou em filmes. Foi dono do Watford Football Club de 1976 a 1987 e de 1997 a 2002. É presidente honorário vitalício do clube, e em 2014 uma das arquibancadas do estádio do clube, com capacidade para 3 400 espectadores, recebeu oficialmente o nome \"The Sir Elton John\".'),
(6, 'DAVID BOWIE', '1964-01-01 00:00:00', '2016-01-01 00:00:00', 'David Bowie, nome artístico de David Robert Jones, (Brixton, Londres, 8 de janeiro de 1947 — Manhattan, Nova Iorque, 10 de janeiro de 2016) foi um cantor, compositor, ator e produtor musical britânico. Por vezes referido como \"camaleão do Rock\" pela capacidade de sempre renovar sua imagem, tem sido uma importante figura na música popular há cinco décadas e é considerado um dos músicos populares mais inovadores e ainda influentes de todos os tempos, sobretudo por seu trabalho nas décadas de 1970 e 1980, além de ser distinguido por um vocal característico e pela profundidade intelectual de sua obra.'),
(7, 'JENNIFER LOPEZ ', '1987-01-01 00:00:00', NULL, 'Jennifer Lynn Lopez, também conhecida como J.Lo, é uma cantora, compositora, produtora musical, dançarina, atriz, modelo, estilista, produtora de televisão, coreógrafa e empresária norte-americana, de origem porto-riquenha. Começou sua carreira como dançarina, na série humorística de televisão In Living Color. Logo em seguida, começou a atuar, ganhando papéis principais em Selena (1997), Out of Sight (1998) e Angel Eyes (2001), com os quais ela ganhou o ALMA Awards por sua atuação. Também atuou em A Cela (2000), The Wedding Planner (2001), Maid in Manhattan (2002), Shall We Dance? (2004) e Monster-in-Law (2005). Em 1999, ela se lançou na música com seu álbum de estreia, On the 6, que debutou no top 10 da tabela americana e emplacou o single \"If You Had My Love\" no primeiro lugar da Billboard Hot 100, sendo o primeiro número um de Lopez, assim como colocou o hit \"Waiting for Tonight\" na oitava posição. Seu segundo álbum, J.Lo, se tornou seu primeiro álbum a estrear na primeira posição da Billboard 200 e dele foi extraído o single \"Love Don´t Cost A Thing\", que atingiu a terceira posição. Depois, lançou seu segundo álbum consecutivo a estrear em primeiro lugar, o J to tha L-O! The Remixes. Seu terceiro álbum de estúdio, This Is Me... Then (2002), alcançou a segunda posição e lançou o single \"Jenny from the Block\", que chegou ao terceiro lugar na Hot 100. Na segunda posição, estreou, também, seu quarto álbum de estúdio, Rebirth (2005). Em 2007, Jennifer lançou dois álbuns, incluindo seu primeiro álbum totalmente em espanhol, Como Ama una Mujer e seu quinto álbum de estúdio em inglês, Brave.'),
(8, 'ANA CAROLINA', '1999-01-01 00:00:00', NULL, 'Ana Carolina Souza (Juiz de Fora, 9 de setembro de 1974) é uma cantora, compositora, empresária, produtora e multi-instrumentista brasileira. Conquistou 8 vezes o Prêmio Multishow de Música Brasileira, 3 vezes o Troféu Imprensa e 1 vez o Prêmio TIM de Música. Seu álbum de estreia foi lançado em 1999, vendendo cinco milhões de discos na carreira e consagrando-se como uma das cantoras que mais vendeu na década de 2000.\r\n\r\nO primeiro álbum, Ana Carolina, lançou o single \"\"Garganta\"\", marco na carreira. Com os sucessivos álbuns lançados, Ana Carolina conta com inúmeras canções de sucesso, dentre as quais: \"\"Quem de Nós Dois\"\", \"\"Encostar Na Tua\"\", \"\"Uma Louca Tempestade\"\", \"\"Rosas\"\" e \"\"Carvão\"\". Em 28 de novembro de 2005, a partir do projeto promovido pela casa de espetáculos \"\"Tom Brasil\"\", Ana Carolina e Seu Jorge lançaram, juntos, um álbum, Ana & Jorge: Ao Vivo, desse, foram extraídas as canções \"\"Pra Rua Me Levar\"\" e, o grande sucesso, \"\"É Isso Aí (The Blowers Daughter)\"\".\r\n\r\nEm 2009, a cantora completou 10 anos de carreira, lançando o álbum N9ve, no qual destaca-se a canção \"\"Entreolhares (The Way You’re Looking at Me)\"\", num dueto com o cantor, compositor e pianista americano John Legend. A canção alcançou o topo da Billboard Hot Songs (Rio de Janeiro), e o 34° na Billboard Hot 100 Airplay. No mesmo ano, lançou a coletânea de canção, Ana Car9lina + Um, com duas canções inéditas e participação de vários cantores, entre eles, Maria Gadú, Maria Bethânia, Roberta Sá, Totonho Villeroy, entre outros. Nesse mesmo ano, a cantora iniciou a turnê mundial do álbum. Em 2015 foi lançado em DVD a gravação do Show #AC, gravado em 25 de outubro de 2014 em São Paulo. E em 2016, a cantora retomou a parceria com o cantor Seu Jorge, lançando a música \"\"Mais Uma Vez (nós dois)\"\" e saindo com a turnê \"\"Ana & Jorge\"\" pelo Brasil, para alegria dos fãs que esperaram 11 anos para rever essas duas estrelas da música brasileira juntas, novamente.'),
(9, 'DAVE GROHL', '1994-01-01 00:00:00', NULL, NULL),
(10, 'NATE MENDEL', '1995-01-01 00:00:00', NULL, NULL),
(11, 'TAYLOR HAWKINS', '1997-01-01 00:00:00', NULL, NULL),
(12, 'CHRIS SHIFLETT', '1999-01-01 00:00:00', NULL, NULL),
(13, 'PAT SMEAR', '2005-01-01 00:00:00', NULL, NULL),
(14, 'RAMI JAFFEE', '2005-01-01 00:00:00', NULL, NULL),
(15, 'MATHEW BELLAMY', '1994-01-01 00:00:00', NULL, NULL),
(16, 'CHRISTOPHER WOLSTENSHOLME', '1994-01-01 00:00:00', NULL, NULL),
(17, 'DOMINIC HOWARD', '1994-01-01 00:00:00', NULL, NULL),
(18, 'Selena Quintanilla', '1984-07-16 00:00:00', '1995-03-31 00:00:00', 'Selena Quintanilla-Pérez foi uma cantora, compositora, produtora musical, atriz, dançarina, modelo, multi-instrumentista, designer de moda, estilista e empresária estadunidense, de ascendência mexicana, espanhola e indígena cheroqui. Estreou no cenário musical em 1981, como vocalista da banda Selena y Los Dinos, que também incluía seus irmãos mais velhos, A.B. Quintanilla III e Suzette Quintanilla, que tocava bateria. Lançou seu primeiro álbum aos treze anos de idade, Selena Y Los Dinos, em 1984. Sua fama cresceu ao longo da década de 1990, especialmente nos países latino-americanos. Foi nomeada pela Billboard a \"\"Melhor cantora dos anos 90\"\" e a \"\"melhor artista da música latina da década\"\".\r\nSelena é considerada a rainha da música texana, conhecida popularmente como tex-mex, e vista como uma das melhores e mais importantes cantoras da música latina, com vendas de mais de 80 milhões de discos em todo o mundo, tornando-se uma das artistas femininas mais vendidas na história.'),
(19, 'Adam Levine', '1979-03-18 00:00:00', NULL, NULL),
(20, 'James Valentine', '2001-01-01 00:00:00', NULL, NULL),
(21, 'Mickey Madden', '1979-05-13 00:00:00', NULL, NULL),
(22, 'Matt Flynn', '1970-05-23 00:00:00', NULL, NULL),
(23, 'Jesse Carmichael', '1979-04-02 00:00:00', NULL, NULL),
(24, 'Ryan Tedder', '1979-06-26 00:00:00', NULL, NULL),
(25, 'Zach Filkins', '1978-09-15 00:00:00', NULL, NULL),
(26, 'Eddie Fisher', '1973-12-17 00:00:00', NULL, NULL),
(27, 'Brent Kutzle', '1985-08-03 00:00:00', NULL, NULL),
(28, 'Drew Brown', '1984-01-09 00:00:00', NULL, NULL),
(29, 'Brian May', '1947-07-19 00:00:00', NULL, NULL),
(30, 'Freddie Mercury', '1946-09-05 00:00:00', '1991-09-24 00:00:00', NULL),
(31, 'John Deacon', '1951-08-19 00:00:00', NULL, NULL),
(32, 'Roger Taylor', '1949-07-26 00:00:00', NULL, NULL),
(33, 'CAMILA CABELLO', '2012-07-27 00:00:00', NULL, NULL),
(34, 'Hansi Kürsch', '1984-01-01 00:00:00', NULL, NULL),
(35, 'DINAH JANE ', '2012-12-07 00:00:00', NULL, NULL),
(36, 'LAUREN JAUREGUI', '2012-12-07 00:00:00', NULL, NULL),
(37, 'Eddie Fisher', '1973-12-17 00:00:00', NULL, NULL),
(38, 'Brent Kutzle', '1985-08-03 00:00:00', NULL, NULL),
(39, 'Drew Brown', '1984-01-09 00:00:00', NULL, NULL),
(40, 'Brian May', '1947-07-19 00:00:00', NULL, NULL),
(41, 'Freddie Mercury', '1946-09-05 00:00:00', '1991-09-24 00:00:00', NULL),
(42, 'John Deacon', '1951-08-19 00:00:00', NULL, NULL),
(43, 'Roger Taylor', '1949-07-26 00:00:00', NULL, NULL),
(44, 'NORMANI KORDEI', '2012-12-07 00:00:00', NULL, NULL),
(45, 'ALLY BROOKE', '2009-01-01 00:00:00', NULL, NULL),
(46, 'Barend Courbois', '2012-01-01 00:00:00', NULL, NULL),
(47, 'André Olbrich', '1984-01-01 00:00:00', NULL, NULL),
(48, 'Frederik Ehmke', '2005-01-01 00:00:00', NULL, NULL),
(49, 'Marcus Siepen', '1987-01-01 00:00:00', NULL, NULL),
(50, 'Thomas \"Thomen\" Stauch ', '1984-01-01 00:00:00', '2005-01-01 00:00:00', NULL),
(51, 'Thomas Kelleners', '1984-01-01 00:00:00', '1984-01-01 00:00:00', NULL),
(52, 'Markus Dörk ', '1984-01-01 00:00:00', '1985-01-01 00:00:00', NULL),
(53, 'Christof Theißen', '1986-01-01 00:00:00', '1986-01-01 00:00:00', NULL),
(54, 'Hans-Peter Frey ', '1986-01-01 00:00:00', '1986-01-01 00:00:00', NULL),
(55, 'Paul Banks', '1997-01-01 00:00:00', NULL, NULL),
(56, 'Daniel Kessler ', '1997-01-01 00:00:00', NULL, NULL),
(57, 'Carlos Dengler ', '1997-01-01 00:00:00', '2010-01-01 00:00:00', NULL),
(58, 'Greg Drudy ', '1997-01-01 00:00:00', '2000-01-01 00:00:00', NULL),
(59, 'Sam Fogarino', '2000-01-01 00:00:00', NULL, NULL),
(60, 'Julian Casablancas ', '1998-01-01 00:00:00', NULL, NULL),
(61, 'Albert Hammond Jr ', '1998-01-01 00:00:00', NULL, NULL),
(62, ' Nick Valensi', '1998-01-01 00:00:00', NULL, NULL),
(63, 'Nikolai Fraiture', '1998-01-01 00:00:00', NULL, NULL),
(64, 'Fabrizio Moretti', '1998-01-01 00:00:00', NULL, NULL),
(65, 'Mike Shinoda', '1996-01-01 00:00:00', NULL, 'Michael Kenji Mike Shinoda (Agoura Hills, Califórnia, 11 de fevereiro de 1977) é um músico, produtor ARTISTAl e artista norte-americano. Conhecido como vocalista, rapper, compositor e multi-instrumentista da banda estadunidense Linkin Park. Também tem um projeto paralelo chamado Fort Minor, mais voltado para o Hip Hop. Ele atuou como produtor de faixas e álbuns de Lupe Fiasco, Styles of Beyond e The X-Ecutioners.\r\nShinoda formou o Xero, que mais tarde se tornou o Linkin Park, com dois de seus amigos do ensino médio: Brad Delson e Rob Bourdon em 1996, depois se juntaram a Joe Hahn, Dave Farrell e Mark Wakefield. Chester Bennington substituiu Wakefield como o vocalista principal. A banda depois assinou um contrato com a Warner Bros Records.\r\nEle também é co-fundador da Machine Shop Records, uma gravadora sediada na Califórnia. Fora da música, Shinoda é um artista e designer gráfico. Ele pintou várias obras de arte, algumas das quais foram apresentadas no Museu Nacional Japonês Americano.'),
(66, 'Mike Shinoda', '1992-01-01 00:00:00', NULL, 'Michael Kenji Mike Shinoda (Agoura Hills, Califórnia, 11 de fevereiro de 1977) é um músico, produtor ARTISTAl e artista norte-americano. Conhecido como vocalista, rapper, compositor e multi-instrumentista da banda estadunidense Linkin Park. Também tem um projeto paralelo chamado Fort Minor, mais voltado para o Hip Hop. Ele atuou como produtor de faixas e álbuns de Lupe Fiasco, Styles of Beyond e The X-Ecutioners.\r\nShinoda formou o Xero, que mais tarde se tornou o Linkin Park, com dois de seus amigos do ensino médio: Brad Delson e Rob Bourdon em 1996, depois se juntaram a Joe Hahn, Dave Farrell e Mark Wakefield. Chester Bennington substituiu Wakefield como o vocalista principal. A banda depois assinou um contrato com a Warner Bros Records.\r\nEle também é co-fundador da Machine Shop Records, uma gravadora sediada na Califórnia. Fora da música, Shinoda é um artista e designer gráfico. Ele pintou várias obras de arte, algumas das quais foram apresentadas no Museu Nacional Japonês Americano.'),
(67, 'Brad Delson', '1992-01-01 00:00:00', NULL, 'Bradford Phillip Kaplan Delson é um músico, compositor e produtor ARTISTAl americano, mais conhecido como um dos fundadores e guitarrista do grupo de rock estadunidense Linkin Park. Ele é mais conhecido como Brad Delson.\r\n'),
(68, 'Dave Farrell', '1992-01-01 00:00:00', NULL, 'David Dave Michael Farrell, também conhecido como Phoenix, , é o baixista da banda americana de rock, Linkin Park.'),
(69, 'Joe Hahn', '1992-01-01 00:00:00', NULL, 'Joseph Joe Hahn é o DJ da banda estadunidense Linkin Park.\r\n'),
(70, 'Mike Shinoda', '1992-01-01 00:00:00', NULL, 'Michael Kenji Mike Shinoda (Agoura Hills, Califórnia, 11 de fevereiro de 1977) é um músico, produtor ARTISTAl e artista norte-americano. Conhecido como vocalista, rapper, compositor e multi-instrumentista da banda estadunidense Linkin Park. Também tem um projeto paralelo chamado Fort Minor, mais voltado para o Hip Hop. Ele atuou como produtor de faixas e álbuns de Lupe Fiasco, Styles of Beyond e The X-Ecutioners.\r\nShinoda formou o Xero, que mais tarde se tornou o Linkin Park, com dois de seus amigos do ensino médio: Brad Delson e Rob Bourdon em 1996, depois se juntaram a Joe Hahn, Dave Farrell e Mark Wakefield. Chester Bennington substituiu Wakefield como o vocalista principal. A banda depois assinou um contrato com a Warner Bros Records.\r\nEle também é co-fundador da Machine Shop Records, uma gravadora sediada na Califórnia. Fora da música, Shinoda é um artista e designer gráfico. Ele pintou várias obras de arte, algumas das quais foram apresentadas no Museu Nacional Japonês Americano.'),
(71, 'Brad Delson', '1992-01-01 00:00:00', NULL, 'Bradford Phillip Kaplan Delson é um músico, compositor e produtor ARTISTAl americano, mais conhecido como um dos fundadores e guitarrista do grupo de rock estadunidense Linkin Park. Ele é mais conhecido como Brad Delson.\r\n'),
(72, 'Dave Farrell', '1992-01-01 00:00:00', NULL, 'David Dave Michael Farrell, também conhecido como Phoenix, , é o baixista da banda americana de rock, Linkin Park.'),
(73, 'Joe Hahn', '1992-01-01 00:00:00', NULL, 'Joseph Joe Hahn é o DJ da banda estadunidense Linkin Park.\r\n'),
(74, 'Chester Bennington', '1996-01-01 00:00:00', '2017-07-20 00:00:00', 'Chester Charles Bennington (Phoenix, 20 de março de 1976 – Palos Verdes Estates, 20 de julho de 2017) foi um cantor, compositor, ator e vocalista da banda americana Linkin Park. Ele também trabalhou no grupo Dead by Sunrise e foi vocalista do Stone Temple Pilots entre 2013 e 2015.\r\nBennington ganhou notoriedade devido a sua carreira como vocalista da banda Linkin Park. No ano 2000, eles lançaram o disco Hybrid Theory, que se tornou um enorme sucesso de público e crítica. Em 2005, este álbum chegou a marca de 10 milhões de cópias vendidas apenas nos Estados Unidos.1 A banda lançou outros trabalhos bem sucedidos, como os álbuns Meteora (2003), Minutes to Midnight (2007), A Thousand Suns (2010), Living Things (2012), The Hunting Party (2014) e One More Light (2017).\r\nEm 20 de julho de 2017, Bennington foi encontrado morto em sua residência em Palos Verdes Estates, no sul da Califórnia. A causa da morte foi suicídio por enforcamento.'),
(75, 'Mark Wakefield', '1996-01-01 00:00:00', '1998-01-01 00:00:00', NULL),
(76, 'Kurt Cobain', '1986-01-01 00:00:00', '1994-05-04 00:00:00', 'Kurt Donald Cobain foi um cantor, compositor e músico norte-americano famoso por ter sido o fundador, vocalista e guitarrista da banda Nirvana'),
(77, 'Krist Novoselic', '1987-01-01 00:00:00', NULL, 'Krist Anthony Novoselic (Compton, 16 de maio de 1965) é um músico e ativista político estadunidense, mais conhecido como baixista e membro fundador da banda de rock Nirvana. O grupo alcançou enorme sucesso, ganhando vários discos de ouro e platina e fazendo turnês pelo mundo em shows esgotados.\r\nDepois que o Nirvana se separou após a morte de seu vocalista Kurt Cobain em 1994, Novoselic formou a Sweet 75 em 1995 e Eyes Adrift em 2002, lançando um álbum com cada banda. De 2006 a 2009, ele tocou na banda de punk rock Flipper e, em 2011, contribuiu com baixo e acordeão para a música \"\"I Should Have Known\"\" no álbum Wasting Light, do Foo Fighters. Atualmente, ele toca baixo e acordeão na banda Giants in the Trees, desde junho de 2017.\r\nAlém de seus esforços ARTISTAis, Novoselic tem sido ativo politicamente, incluindo a criação de um comitê de ação política chamado JAMPAC (Comitê de Ação Política de Artistas e Músicos Conjuntos). De 2007 a 2010, ele escreveu uma coluna semanal sobre música e política para o site do Seattle Weekly.Foi presidente do conselho de organização de reforma eleitoral FairVote, que ele integrou entre 2005 e 2019 e em 2020 tornou-se conselheiro da Zócalo Public Square.'),
(78, 'Aaron Burckhard', '1987-01-01 00:00:00', NULL, NULL),
(79, 'Dale Crover', '1985-01-01 00:00:00', NULL, NULL),
(80, 'Chad Channing', '1985-01-01 00:00:00', NULL, 'Chad Channing (Santa Rosa, Califórnia, 31 de janeiro de 1967) é um músico estadunidense, conhecido por ser o baterista do Nirvana de 1988 a 1990. Atualmente é vocalista e baixista da banda Before Cars.'),
(81, 'Jason Everman', '1985-01-01 00:00:00', '2004-01-01 00:00:00', 'Jason Mark Everman (Kodiak, Alasca, 16 de Outubro de 1967) é um músico estadunidense, conhecido por tocar com o Nirvana e com o Soundgarden. Atualmente estuda filosofia na Universidade Columbia. Foi o segundo guitarrista do Nirvana em 1989 e baixista no Soundgarden em 1989.'),
(82, 'Dan Peters', '1979-01-01 00:00:00', NULL, 'Dan Peters (18 de agosto, 1967) é o baterista da banda Mudhoney. Foi também o baterista da banda Nirvana em 1989.'),
(83, 'Dan Reynolds', '2008-01-01 00:00:00', NULL, 'Daniel Coulter Reynolds (Las Vegas, 14 de Julho de 1987), é um músico americano, muito conhecido por ser o vocalista da banda de indie rock Imagine Dragons. Ele também lançou um EP intitulado Egyptian em um duo com Aja Volkman, (do Nico Vega) sob a alcunha de Egyptian.Ele também é um destinatário do Songwriters Hall of Fame Hal David Starlight Award.'),
(84, 'Ben McKee', '2008-01-01 00:00:00', NULL, 'Benjamin Arthur Ben McKee (nascido 7 de abril de 1985), é um músico americano mais conhecido por ser o baixista da banda de indie rock Imagine Dragons.'),
(85, 'Wayne Sermon', '2008-01-01 00:00:00', NULL, 'Daniel Wayne Wing Sermon (nascido 15 de Junho de 1987) é um músico americano, mais conhecido como guitarrista da banda de indie rock Imagine Dragons.'),
(86, 'Dan Platzman ', '2011-01-01 00:00:00', NULL, 'Daniel James Platzman (nascido em 28 de setembro de 1986) é um músico americano, mais conhecido como o baterista da banda de indie rock, Imagine Dragons.'),
(87, 'Andrew Tolman', '2008-01-01 00:00:00', NULL, 'Andrew Tolman (nascido em 9 de janeiro de 1986) é um músico de estúdio e compositor americano. Ele é membro da banda cult club The Moth & The Flame. Ele também foi membro fundador da banda de pop rock Imagine Dragons. Em 2016–17, Andrew saiu em turnê com Mondo Cozmo como parte da banda de apoio junto com Drew Beck, Chris Null e James Gordon.'),
(88, 'Brittany Tolman', '2008-01-01 00:00:00', NULL, 'Brittany Tolman é uma atriz e compositora, conhecida por Imagine Dragons: Uptight (2009) e Imagine Dragons: It´s Time (2012).'),
(89, 'Theresa Flaminio', '2011-01-01 00:00:00', NULL, NULL),
(90, 'Dave Lemke', '2001-01-01 00:00:00', '2010-01-01 00:00:00', 'Dave Lemke é um ex-membro do Imagine Dragons. Ele tocou baixo de 2008 a 2009, e estava com a banda quando eles gravaram o EP Speak To Me e o EP Imagine Dragons, mas saiu antes do EP Imagine Dragons ser lançado. Ele também é visto tocando baixo durante uma apresentação de Nuvens em 2009.'),
(91, 'Chris Brown', '2004-01-01 00:00:00', NULL, 'Christopher Maurice Brown (Tappahannock, 5 de maio de 1989), mais conhecido como Chris Brown, é um rapper, compositor, dançarino, ator, produtor musical, empreendedor, coreógrafo e grafiteiro norte-americano.'),
(92, 'Michael Jackson', '1964-01-01 00:00:00', '2009-06-25 00:00:00', 'Michael Joseph Jackson (Gary, 29 de agosto de 1958 — Los Angeles, 25 de junho de 2009) foi um cantor, compositor, e dançarino estadunidense. Apelidado de Rei do Pop, foi um dos ícones culturais mais importantes e influentes de todos os tempos e um dos maiores artistas global da história da música. Suas contribuições para a música, a dança e a moda, juntamente com a divulgação de sua vida pessoal, fizeram dele uma figura na cultura popular por mais de quatro décadas.'),
(93, 'Bruno Mars', '2004-01-01 00:00:00', NULL, 'Peter Gene Hernandez (Honolulu, 8 de outubro de 1985), mais conhecido pelo nome artístico Bruno Mars é um cantor, compositor, produtor musical, dançarino e multi-instrumentista americano, nascido e criado no Havaí.'),
(94, 'Chris Cornell', '1984-01-01 00:00:00', '2017-04-18 00:00:00', 'Christopher John Boyle, (Seattle, 20 de julho de 1964 - Detroit, 18 de maio de 2017) mais conhecido como Chris Cornell, foi um cantor, guitarrista e compositor americano considerado um dos fundadores do movimento grunge e conhecido como vocalista das bandas Soundgarden, Temple of the Dog e Audioslave. Ganhador de 3 Prêmios Grammy (com 16 indicações no total). Em 1991, Cornell ganhou notoriedade com sua banda Soundgarden com o lançamento do álbum Badmotorfinger, e a banda alcançou fama mundial com o hit \"Black Hole Sun\" do álbum Superunknown de 1994. Cornell ainda lançou cinco álbuns em carreira solo entre 1999 e 2015, e também era famoso por sua extensão vocal de quatro oitavas. Em 2007 lançou o single \"You Know My Name\", música tema do filme 007 - Cassino Royale, tornando-se o primeiro cantor americano a gravar a música-tema de um filme da série 007. A canção vendeu 3,5 milhões de cópias digitais. Em 2013, Cornell compôs a canção \"Misery Chain\" para a trilha sonora do filme 12 Years a Slave, onde fez um dueto com a cantora Joy Williams.\r\n\r\nCornell foi escolhido como \"O Maior Cantor de Rock\" pelos leitores da revista Guitar World em 2013,[7] ficou em 4º lugar na lista \"Top 100 de Vocalistas de Heavy Metal de Todos os Tempos\" da revista Hit Parader em 2006, em 9º lugar na lista de \"Melhores Vocalistas de Todos os Tempos\" da revista Rolling Stone em 2011, e 12º lugar na lista das \"22 Maiores Vozes da Música\" da MTV em 2005. Alice Cooper se referiu a Cornell como \"a melhor voz do Rock\" em 2017. '),
(95, 'Chorão', '1992-01-01 00:00:00', '2013-03-06 00:00:00', 'Alexandre Magno Abrão, mais conhecido pelo seu nome artístico Chorão, foi um cantor, compositor, skatista, cineasta, roteirista e empresário brasileiro. Foi o vocalista, principal letrista e co-fundador da banda santista Charlie Brown Jr., formada em 1992 junto com Renato Pelado, Marcão, Champignon e Thiago Castanho, sendo o único integrante a participar de todas as formações. Com o Charlie Brown, lançou dez discos, que venderam mais de cinco milhões de cópias. Teve uma infância e adolescência difícil, a sua mãe era doméstica, fazia pastéis, cozinhava fora para ele entregar. Chorão vivia na rua, ia mal na escola, parou de estudar na sétima série, e frequentemente tinha problemas com a polícia. Com 21 anos, foi convidado a integrar uma banda com Champignon chamada Whats Up, acabou não dando certo, então montou o Charlie Brown Jr. Em 2007, Chorão roteirizou o filme O Magnata. Em 2009, lançou sua marca de roupas, a DO.CE. e La Plata. Foi encontrado morto em seu apartamento, em 6 de março de 2013, em São Paulo, vítima de uma overdose de cocaína.'),
(96, 'Chorão', '1992-01-01 00:00:00', '2013-03-06 00:00:00', 'Alexandre Magno Abrão, mais conhecido pelo seu nome artístico Chorão, foi um cantor, compositor, skatista, cineasta, roteirista e empresário brasileiro. Foi o vocalista, principal letrista e co-fundador da banda santista Charlie Brown Jr., formada em 1992 junto com Renato Pelado, Marcão, Champignon e Thiago Castanho, sendo o único integrante a participar de todas as formações. Com o Charlie Brown, lançou dez discos, que venderam mais de cinco milhões de cópias. Teve uma infância e adolescência difícil, a sua mãe era doméstica, fazia pastéis, cozinhava fora para ele entregar. Chorão vivia na rua, ia mal na escola, parou de estudar na sétima série, e frequentemente tinha problemas com a polícia. Com 21 anos, foi convidado a integrar uma banda com Champignon chamada Whats Up, acabou não dando certo, então montou o Charlie Brown Jr. Em 2007, Chorão roteirizou o filme O Magnata. Em 2009, lançou sua marca de roupas, a DO.CE. e La Plata. Foi encontrado morto em seu apartamento, em 6 de março de 2013, em São Paulo, vítima de uma overdose de cocaína.'),
(97, 'Champignon', '1992-01-01 00:00:00', '2013-09-09 00:00:00', 'Champignon, nome artístico de Luiz Carlos Leão Duarte Júnior, foi um baixista, Beatboxer e vocalista brasileiro, da banda santista Charlie Brown Jr.\r\n\r\nFoi eleito por três vezes consecutivas o melhor baixista no VMB da MTV Brasil e venceu por duas vezes o prêmio de melhor instrumentista no Prêmio Multishow.\r\n\r\nPara o crítico musical Hagamenon Brito, Champignon foi, ao lado de PJ (do Jota Quest) e Alexandre Dengue (Nação Zumbi), um dos três melhores baixistas do pop rock brazuca dos anos 90.'),
(98, 'Heitor Gomes', '2005-01-01 00:00:00', NULL, 'Heitor Vilela Gomes é um baixista e compositor brasileiro. Heitor Ganhou Destaque no Cenário da Música Nacional por Fazer parte da banda Charlie Brown Jr e CPM 22.\r\nHeitor é filho do renomado baixista brasileiro Chico Gomes. Começou a tocar com o Charlie Brown Jr. em 2005 até 2011. Tocou de Julho de 2011 até o início do ano de 2016 no CPM 22. e após fez parte da banda Pavilhão 9 saindo no final de 2017.\r\n\r\nHeitor Utiliza baixos Music Man StingRay 5, Fender Precision 4 e Gianninnis. Tem como influências seu Pai, Chico Gomes, Marcus Miller, Stuart Hamm, Jaco Pastorius, Flea e Victor Wooten.\r\nHeitor Gravou em sua Carreira 4 Álbuns de Estúdio e 4 Álbuns Ao Vivo (Um deles em Formato Acústico). É Conhecido por Ser um dos Maiores Baixistas da Música Nacional, Venceu junto com o Charlie Brown Jr um dos Mais Importantes Prêmios da Música, o Grammy Latino em 2010. Heitor Também Tocou no Palco Mundo do Rock in Rio no ano de 2015 com o Grupo Cpm 22.'),
(99, 'Marcão', '1992-01-01 00:00:00', NULL, 'Marco Antônio Valentim Britto Júnior, mais conhecido pelo seu nome artístico Marcão, é um guitarrista, compositor e produtor musical brasileiro, mais conhecido por ser guitarrista da banda Charlie Brown Jr. Antes de entrar para o Charlie Brown Jr., Marcão foi professor de guitarra e corretor de imóveis, além de ter cursado Propaganda. Foi efetivado na banda em 1992, juntamente com o baixista Champignon, o também guitarrista Thiago Castanho e o baterista Renato Pelado. Após a saída de Thiago, em 2001, tornou-se o único guitarrista da banda. Gravou sete discos com o grupo, de 1997 a 2004, entre eles o Acústico MTV.'),
(100, 'Thiago Castanho', '1993-01-01 00:00:00', NULL, 'Thiago Raphael Castanho é um músico, pintor, produtor e empresário brasileiro. É guitarrista da banda Charlie Brown Jr. (A Banca) de 1992 a 2000, de 2005 a 2013, e a partir de 2021. Fez participações em bandas como Ira! e Aliados 13. Por incentivo de uma irmã, Thiago começou a tocar guitarra aos 13 anos. Em 1994 entrou na banda Charlie Brown Jr, onde gravou os três primeiros discos, que trouxeram reconhecimento a nível nacional a banda. No Início Thiago teve Aulas de Guitarra com o Também Guitarrista do Charlie Brown Jr, Marcão. Em 2001, alegando cansaço, decidiu deixar a banda para se dedicar a projetos paralelos. Fundou as bandas Aliados 13 e Power S.A., abriu em Santos um estúdio, nomeado Digital Grooves, também cursou durante um semestre uma faculdade de administração. Em 2004, além das novas bandas, através de um convite do produtor Rick Bonadio, Thiago participou do show Acústico MTV da banda Ira!. Foi produtor musical da banda Capital Inicial, sendo foi convidado a participar da turnê do Acústico 2.'),
(101, 'Renato Pelado', '1992-01-01 00:00:00', NULL, 'Renato Peres Barrio mais conhecido pelo seu nome artístico Renato Pelado é um músico brasileiro. Renato Pelado é conhecido por ser o baterista original da banda de rock brasileiro Charlie Brown Jr., com a qual tocou desde sua formação, em 1992 a 2005. Durante esse período gravou 7 discos com a banda. Já foi também baterista da banda de Death Metal, Vulcano, onde gravou o primeiro disco da banda. Antes de entrar para o Charlie Brown, Pelado tocava com Marcão em outra banda.Conta ele que Chorão estava vendo um show, chegou perto da bateria e disse: \"Pô, um dia a gente vai tocar junto!\". Algum tempo depois, essa banda acabou e junto, acabou também a banda de Thiago Castanho, e o Charlie Brown também tinha acabado pois os guitarristas e o baterista tinham saído da banda. E já que precisavam de baterista, Chorão o convidou para tocar, ele aceitou pois já tinha gostado das fitas demo que Chorão havia mostrado para ele. O Charlie Brown precisava de outro guitarrista (Marcão nessa época já estava na banda) o primeiro nome em mente foi Thiago Castanho que já era amigo de Pelado, pois já haviam tocado juntos também. Com isso surgiu a primeira formação do Charlie Brown Jr.'),
(102, 'André Pinguim Ruas', '2005-01-01 00:00:00', NULL, 'André \"Pinguim\" Ruas, nome artístico de André Luís Ruas, é um baterista, beat-box e vocalista brasileiro, conhecido por seu trabalho com a banda Charlie Brown Jr. Atualmente é baterista da banda Bula, que conta com o ex-guitarrista do Charlie Brown Jr., Marcão Britto no vocal, e com a ex-baixista da banda A Banca, Lena Papini. O apelido de \"Pinguim\" surgiu ainda em sua infância. Originou-se de uma camisa que possuía na estampa a figura de um Pinguim vinculado à marca de sorvete Pingolé e aliado à relatos de amigos que diziam que o mesmo possuía semelhanças com o animal, foi então consumado o apelido. Na bateria, Pinguim é famoso por tocar no estilo \"open-handed\" onde a mão direita faz os toques da caixa e a mão esquerda faz os toques no hi-hat.'),
(103, 'Bruno Graveto', '2008-01-01 00:00:00', NULL, 'Bruno Graveto, nome artístico de Bruno Cesar Bezerra, é um baterista brasileiro, conhecido por seu trabalho com a banda Charlie Brown Jr.. Bruno Graveto começou a tocar bateria aos 12 anos de idade. Antes de ficar conhecido nacionalmente com seu trabalho junto ao Charlie Brown Jr., que começou em 2008, Bruno havia tocado em muitas bandas da cena musical do litoral paulista, incluindo Luccas Trevisani Pipeline e O Surto. Tocou também com o Baixista do CPM 22, Heitor Gomes em uma banda chamada Fusion. Com o Charlie Brown Jr, gravou o décimo disco da banda, Camisa 10 e Música Popular Caiçara (Ao Vivo). Sua primeira apresentação com o Charlie Brown Jr. foi em uma gravação para o Estúdio Coca Cola zero-com a Vanessa da Mata (Troca de Baladas) feita no Chorão Skate Park. Já o primeiro show foi dias depois, em Divinópolis, Minas Gerais no dia 25 de Abril.'),
(104, 'Bob Marley', '1962-01-01 00:00:00', '1981-05-11 00:00:00', 'Robert Nesta Marley, mais conhecido como Bob Marley, foi um cantor, guitarrista e compositor jamaicano, o mais conhecido músico de reggae de todos os tempos, famoso por popularizar o género. Marley já vendeu mais de 75 milhões de discos.\r\nDedicado a protestar contra problemas sociais, levou, através de sua música, o movimento rastafári e suas ideias de paz, irmandade, igualdade social, preservação ambiental, libertação, resistência, liberdade e amor universal ao mundo. A música de Marley foi fortemente influenciada pelas questões sociais e políticas de sua terra natal, fazendo com que considerassem-no a voz do povo negro, pobre e oprimido da Jamaica. A África e seus problemas como a miséria, guerras e domínio europeu também foram centro de assunto das suas músicas, por se tratar da terra sagrada do movimento rastafári.'),
(105, '2Pac', '1991-01-01 00:00:00', '1996-09-13 00:00:00', 'Tupac Amaru Shakur, mais conhecido pelos seus nomes artísticos 2Pac, Makaveli ou apenas Pac, foi um rapper, ator e compositor estadunidense, considerado por muitos como um dos melhores e mais importantes rappers de todos os tempos. Em 2010, ele já havia vendido pelo menos 75 milhões de cópias pelo mundo. Além de ser músico, Tupac também foi ator e ativista social. A maioria das suas canções tratam sobre como crescer no meio da violência e da miséria nos guetos, o racismo, os problemas da sociedade e os conflitos com os outros rappers. O trabalho de Shakur é conhecido por defender a igualdade política, econômica, social e racial. Antes de entrar para a carreira artística, ele era um roadie e dançarino de hip hop alternativo. Começou a fazer sucesso quando entrou para o grupo Digital Underground.'),
(106, 'Chorão', '1992-01-01 00:00:00', '2013-03-06 00:00:00', 'Alexandre Magno Abrão, mais conhecido pelo seu nome artístico Chorão, foi um cantor, compositor, skatista, cineasta, roteirista e empresário brasileiro. Foi o vocalista, principal letrista e co-fundador da banda santista Charlie Brown Jr., formada em 1992 junto com Renato Pelado, Marcão, Champignon e Thiago Castanho, sendo o único integrante a participar de todas as formações. Com o Charlie Brown, lançou dez discos, que venderam mais de cinco milhões de cópias. Teve uma infância e adolescência difícil, a sua mãe era doméstica, fazia pastéis, cozinhava fora para ele entregar. Chorão vivia na rua, ia mal na escola, parou de estudar na sétima série, e frequentemente tinha problemas com a polícia. Com 21 anos, foi convidado a integrar uma banda com Champignon chamada Whats Up, acabou não dando certo, então montou o Charlie Brown Jr. Em 2007, Chorão roteirizou o filme O Magnata. Em 2009, lançou sua marca de roupas, a DO.CE. e La Plata. Foi encontrado morto em seu apartamento, em 6 de março de 2013, em São Paulo, vítima de uma overdose de cocaína.'),
(107, 'Champignon', '1992-01-01 00:00:00', '2013-09-09 00:00:00', 'Champignon, nome artístico de Luiz Carlos Leão Duarte Júnior, foi um baixista, Beatboxer e vocalista brasileiro, da banda santista Charlie Brown Jr.\r\n\r\nFoi eleito por três vezes consecutivas o melhor baixista no VMB da MTV Brasil e venceu por duas vezes o prêmio de melhor instrumentista no Prêmio Multishow.\r\n\r\nPara o crítico musical Hagamenon Brito, Champignon foi, ao lado de PJ (do Jota Quest) e Alexandre Dengue (Nação Zumbi), um dos três melhores baixistas do pop rock brazuca dos anos 90.'),
(108, 'Heitor Gomes', '2005-01-01 00:00:00', NULL, 'Heitor Vilela Gomes é um baixista e compositor brasileiro. Heitor Ganhou Destaque no Cenário da Música Nacional por Fazer parte da banda Charlie Brown Jr e CPM 22.\r\nHeitor é filho do renomado baixista brasileiro Chico Gomes. Começou a tocar com o Charlie Brown Jr. em 2005 até 2011. Tocou de Julho de 2011 até o início do ano de 2016 no CPM 22. e após fez parte da banda Pavilhão 9 saindo no final de 2017.\r\n\r\nHeitor Utiliza baixos Music Man StingRay 5, Fender Precision 4 e Gianninnis. Tem como influências seu Pai, Chico Gomes, Marcus Miller, Stuart Hamm, Jaco Pastorius, Flea e Victor Wooten.\r\nHeitor Gravou em sua Carreira 4 Álbuns de Estúdio e 4 Álbuns Ao Vivo (Um deles em Formato Acústico). É Conhecido por Ser um dos Maiores Baixistas da Música Nacional, Venceu junto com o Charlie Brown Jr um dos Mais Importantes Prêmios da Música, o Grammy Latino em 2010. Heitor Também Tocou no Palco Mundo do Rock in Rio no ano de 2015 com o Grupo Cpm 22.'),
(109, 'Marcão', '1992-01-01 00:00:00', NULL, 'Marco Antônio Valentim Britto Júnior, mais conhecido pelo seu nome artístico Marcão, é um guitarrista, compositor e produtor musical brasileiro, mais conhecido por ser guitarrista da banda Charlie Brown Jr. Antes de entrar para o Charlie Brown Jr., Marcão foi professor de guitarra e corretor de imóveis, além de ter cursado Propaganda. Foi efetivado na banda em 1992, juntamente com o baixista Champignon, o também guitarrista Thiago Castanho e o baterista Renato Pelado. Após a saída de Thiago, em 2001, tornou-se o único guitarrista da banda. Gravou sete discos com o grupo, de 1997 a 2004, entre eles o Acústico MTV.'),
(110, 'Thiago Castanho', '1993-01-01 00:00:00', NULL, 'Thiago Raphael Castanho é um músico, pintor, produtor e empresário brasileiro. É guitarrista da banda Charlie Brown Jr. (A Banca) de 1992 a 2000, de 2005 a 2013, e a partir de 2021. Fez participações em bandas como Ira! e Aliados 13. Por incentivo de uma irmã, Thiago começou a tocar guitarra aos 13 anos. Em 1994 entrou na banda Charlie Brown Jr, onde gravou os três primeiros discos, que trouxeram reconhecimento a nível nacional a banda. No Início Thiago teve Aulas de Guitarra com o Também Guitarrista do Charlie Brown Jr, Marcão. Em 2001, alegando cansaço, decidiu deixar a banda para se dedicar a projetos paralelos. Fundou as bandas Aliados 13 e Power S.A., abriu em Santos um estúdio, nomeado Digital Grooves, também cursou durante um semestre uma faculdade de administração. Em 2004, além das novas bandas, através de um convite do produtor Rick Bonadio, Thiago participou do show Acústico MTV da banda Ira!. Foi produtor musical da banda Capital Inicial, sendo foi convidado a participar da turnê do Acústico 2.'),
(111, 'Renato Pelado', '1992-01-01 00:00:00', NULL, 'Renato Peres Barrio mais conhecido pelo seu nome artístico Renato Pelado é um músico brasileiro. Renato Pelado é conhecido por ser o baterista original da banda de rock brasileiro Charlie Brown Jr., com a qual tocou desde sua formação, em 1992 a 2005. Durante esse período gravou 7 discos com a banda. Já foi também baterista da banda de Death Metal, Vulcano, onde gravou o primeiro disco da banda. Antes de entrar para o Charlie Brown, Pelado tocava com Marcão em outra banda.Conta ele que Chorão estava vendo um show, chegou perto da bateria e disse: \"\"Pô, um dia a gente vai tocar junto!\"\". Algum tempo depois, essa banda acabou e junto, acabou também a banda de Thiago Castanho, e o Charlie Brown também tinha acabado pois os guitarristas e o baterista tinham saído da banda. E já que precisavam de baterista, Chorão o convidou para tocar, ele aceitou pois já tinha gostado das fitas demo que Chorão havia mostrado para ele. O Charlie Brown precisava de outro guitarrista (Marcão nessa época já estava na banda) o primeiro nome em mente foi Thiago Castanho que já era amigo de Pelado, pois já haviam tocado juntos também. Com isso surgiu a primeira formação do Charlie Brown Jr.'),
(112, 'André Pinguim Ruas', '2005-01-01 00:00:00', NULL, 'André \"\"Pinguim\"\" Ruas, nome artístico de André Luís Ruas, é um baterista, beat-box e vocalista brasileiro, conhecido por seu trabalho com a banda Charlie Brown Jr. Atualmente é baterista da banda Bula, que conta com o ex-guitarrista do Charlie Brown Jr., Marcão Britto no vocal, e com a ex-baixista da banda A Banca, Lena Papini. O apelido de \"\"Pinguim\"\" surgiu ainda em sua infância. Originou-se de uma camisa que possuía na estampa a figura de um Pinguim vinculado à marca de sorvete Pingolé e aliado à relatos de amigos que diziam que o mesmo possuía semelhanças com o animal, foi então consumado o apelido. Na bateria, Pinguim é famoso por tocar no estilo \"\"open-handed\"\" onde a mão direita faz os toques da caixa e a mão esquerda faz os toques no hi-hat.'),
(113, 'Bruno Graveto', '2008-01-01 00:00:00', NULL, 'Bruno Graveto, nome artístico de Bruno Cesar Bezerra, é um baterista brasileiro, conhecido por seu trabalho com a banda Charlie Brown Jr.. Bruno Graveto começou a tocar bateria aos 12 anos de idade. Antes de ficar conhecido nacionalmente com seu trabalho junto ao Charlie Brown Jr., que começou em 2008, Bruno havia tocado em muitas bandas da cena musical do litoral paulista, incluindo Luccas Trevisani Pipeline e O Surto. Tocou também com o Baixista do CPM 22, Heitor Gomes em uma banda chamada Fusion. Com o Charlie Brown Jr, gravou o décimo disco da banda, Camisa 10 e Música Popular Caiçara (Ao Vivo). Sua primeira apresentação com o Charlie Brown Jr. foi em uma gravação para o Estúdio Coca Cola zero-com a Vanessa da Mata (Troca de Baladas) feita no Chorão Skate Park. Já o primeiro show foi dias depois, em Divinópolis, Minas Gerais no dia 25 de Abril.'),
(114, 'Bob Marley', '1962-01-01 00:00:00', '1981-05-11 00:00:00', 'Robert Nesta Marley, mais conhecido como Bob Marley, foi um cantor, guitarrista e compositor jamaicano, o mais conhecido músico de reggae de todos os tempos, famoso por popularizar o género. Marley já vendeu mais de 75 milhões de discos.\r\nDedicado a protestar contra problemas sociais, levou, através de sua música, o movimento rastafári e suas ideias de paz, irmandade, igualdade social, preservação ambiental, libertação, resistência, liberdade e amor universal ao mundo. A música de Marley foi fortemente influenciada pelas questões sociais e políticas de sua terra natal, fazendo com que considerassem-no a voz do povo negro, pobre e oprimido da Jamaica. A África e seus problemas como a miséria, guerras e domínio europeu também foram centro de assunto das suas músicas, por se tratar da terra sagrada do movimento rastafári.'),
(115, '2Pac', '1991-01-01 00:00:00', '1996-09-13 00:00:00', 'Tupac Amaru Shakur, mais conhecido pelos seus nomes artísticos 2Pac, Makaveli ou apenas Pac, foi um rapper, ator e compositor estadunidense, considerado por muitos como um dos melhores e mais importantes rappers de todos os tempos. Em 2010, ele já havia vendido pelo menos 75 milhões de cópias pelo mundo. Além de ser músico, Tupac também foi ator e ativista social. A maioria das suas canções tratam sobre como crescer no meio da violência e da miséria nos guetos, o racismo, os problemas da sociedade e os conflitos com os outros rappers. O trabalho de Shakur é conhecido por defender a igualdade política, econômica, social e racial. Antes de entrar para a carreira artística, ele era um roadie e dançarino de hip hop alternativo. Começou a fazer sucesso quando entrou para o grupo Digital Underground.'),
(116, 'Juice WRLD', '2015-01-01 00:00:00', '2019-12-08 00:00:00', 'Jarad Anthony Higgins (Chicago, 2 de dezembro de 1998 — Oak Lawn, 8 de dezembro de 2019), conhecido por seu nome artístico Juice Wrld (estilizado Juice WRLD; pronuncia-se juice world), foi um rapper, cantor, compositor e músico norte-americano, Era mais conhecido por seus singles de sucesso All Girls Are the Same e Lucid Dreams, que o ajudaram a ganhar um contrato de gravação com a Grade A Productions, de Lil Bibby, e a Interscope Records.'),
(117, 'The Kid LAROI', '2015-01-01 00:00:00', NULL, 'Charlton Kenneth Jeffrey Howard (nascido em 17 de agosto de 2003), profissionalmente conhecido como Kid Laroi (estilizado como The Kid LAROI.), é um cantor, rapper e compositor australiano, se tornou conhecido pelo seus hit \"Without You\" e \"So Done\" e também pelo seu álbum \"F*ck Love\", número #3 na Billboard 200, número #1 na Austrália top 10 no Reino Unido. O artista é contratado da gravadora Columbia Records e em 2020 foi indicado ao Europe Music Awards e Aria Music Awards.'),
(118, 'Lil Tecca', '2019-01-01 00:00:00', NULL, 'Tyler-Justin Anthony Sharpe (Queens, 26 de agosto de 2002), conhecido profissonalmente como Lil Tecca, é um rapper, cantor e compositor norte-americano.'),
(119, 'Malanie Martinez', '2012-01-01 00:00:00', NULL, 'Melanie Adele Martinez (Baldwin, Nova Iorque, 28 de abril de 1995), mais conhecida como Melanie Martinez, é uma cantora, compositora e atriz estadunidense.\r\n\r\nMelanie se tornou conhecida por suas canções com letras polêmicas e por seu estilo e cabelo de duas cores. Suas letras combinam um lado obscuro com seu jeito super meigo. No ensino médio, participou de concursos de talentos da escola. Posteriormente, participou da terceira temporada da edição norte-americana da competição de canto The Voice, onde cantou \"\"Toxic\"\", de Britney Spears. Três dos quatro juízes apertaram o botão de escolha para ela. Martinez escolheu Adam Levine para ser seu treinador e saiu do programa quando havia apenas seis competidores.\r\nNa sua carreira musical, é uma artista solo, com seu primeiro projeto, o extended play (EP) Dollhouse, lançado em maio de 2014. A obra estreou na quarta posição da parada Billboard Top Heatseekers Albums, e teve dois singles para promovê-lo, sendo eles a faixa-título \"\"Dollhouse\"\" e \"\"Carousel\"\". O mesmo foi precedido por Cry Baby, seu álbum de estreia, o qual foi lançado em agosto de 2015 e alcançou a sexta posição da Billboard 200, com 32 mil cópias vendidas na primeira semana nos Estados Unidos. O disco foi promovido com três singles retirados do mesmo, sendo eles \"\"Pity Party\"\", \"\"Soap\"\" e \"\"Sippy Cup\"\".'),
(120, 'Rihanna', '2005-01-01 00:00:00', NULL, 'Robyn Rihanna Fenty (Saint Michael, 20 de fevereiro de 1988) é uma cantora, compositora, atriz e empresária barbadense. Sua carreira artística começou profissionalmente em 2005, quando ela realizou um teste para o produtor musical Evan Rogers, onde foi aprovada. Mais tarde, assinou um contrato de seis álbuns com a gravadora Def Jam. Em 2005, Rihanna lançou seu primeiro álbum de estúdio, Music of the Sun, seguido por A Girl like Me; ambos foram influenciados por ritmos caribenhos e alcançaram as dez primeiras posições na parada de álbuns dos Estados Unidos. Ela ganhou maior reconhecimento comercial após o lançamento de seu terceiro álbum de estúdio, Good Girl Gone Bad (2007), que incorporou elementos do dance-pop e a catapultou para um estrelato maior, estabelecendo-a como um ícone pop e uma figura de destaque na indústria do entretenimento musical. Rihanna introduziu elementos de música pop, dance, e R&B em seus quatro álbuns subsequentes, Rated R (2009), Loud (2010), Talk That Talk (2011). Todos no qual incorporaram experimentações de vários estilos musicais e consolidaram o sucesso de Rihanna nas paradas internacionais, sendo o Unapologetic seu primeiro álbum número um nos EUA. Seu oitavo disco, Anti (2016), mostrou um controle maior sobre a criatividade artística de sua obra após sua saída da Def Jam. Tornou-se seu segundo álbum número um nos EUA. Além de seus trabalhos solos, Rihanna colaborou com vários artistas de gravação, como Drake, Eminem, Britney Spears e Calvin Harris.\r\nCom mais de 675 milhões de obras musicais comercializadas em todo o mundo, Rihanna é um dos dez artistas musicais mais vendidos de todos os tempos.'),
(121, 'Jesse Rutherford ', '2011-01-01 00:00:00', NULL, 'Jesse James Rutherford (Newbury Park, Califórnia, 21 de agosto de 1991) Rutherford, uma vez realizado como um artista de rap, sob o título Jesse James. Ele lançou uma mixtape solo de rap-hip hop chamado de \"\"Truth Hurts, Truth Heals\"\". Rutherford e Jrez Dio também lançaram várias faixas juntos sob o nome de \"\"The Good Boys\"\" e o duo ainda afirmou que foi a pior coisa que eles já fizeram. Atualmente, Jesse tem um album solo intitulado &.\r\n\r\nSua carreira musical com THE NBHD começou em 2012 com sua primeira canção \"\"Female Robbery\"\", que foi seguido por \"\"Sweater Weather\"\". A canção alcançou o número um nas músicas alternativas da Billboard Chart em junho de 2013.'),
(122, 'Zachary Abels ', '2011-01-01 00:00:00', NULL, 'Zachary Shane Abels (Simi Valley, California, 3 de Julho, 1992), mais conhecido como Zach Abels  é guitarrista da banda de rock The Neighborhood, que é mais conhecida por seu álbum de estréia, I Love You.'),
(123, 'Jeremy Freedman', '2011-01-02 00:00:00', NULL, 'Jeremiah Allen Freedman (Simi Valley, Califórnia, 2 de julho de 1992), é guitarrista e vocalista da banda de rock The Neighbourhood, mais conhecido por seu álbum de estreia I Love You. . Freedman e seus companheiros de banda se reuniram em 2011, ele e a banda lançaram seu primeiro Extended Play (EP) I am Sorry ... em maio de 2012.\r\n\r\nO álbum apresentou seu single de sucesso Sweater Weather , que alcançou a posição # 1 na parada de canções alternativas da Billboard.'),
(124, 'Michael Margott ', '2011-01-03 00:00:00', NULL, '\r\nMichael Blake Margott (California, October 1, 1993), mais conhecido como Mikey,  é o baixista da banda de rock The Neighbourhood, mais conhecida por seu álbum de estreia  I Love You. . Mikey e seus companheiros de banda se reuniram em 2011, ele e a banda lançaram seu primeiro Extended Play (EP), I am Sorry ...  em maio de 2012.'),
(125, 'Brandon Fried ', '2011-01-01 00:00:00', NULL, 'Brandon Alexander Fried (Califórnia, November 6, 1990),  é o baterista da banda de rock The Neighbourhood, mais conhecida por seu álbum de estreia  I Love You. . Fried e seus companheiros de banda se reuniram em 2011, ele e a banda lançaram seu primeiro Extended Play (EP)  I am Sorry ... em maio de 2012.'),
(126, 'Bryan Sammis ', '2011-01-01 00:00:00', '2014-01-01 00:00:00', '\r\nBryan Sammis (Oak Park, California, July 11, 1990) Bryan era um membro original do The Neighbourhood, começando junto com seus ex-companheiros de banda em agosto de 2011. Ele deixou a banda no início de 2014, sendo substituído por Brandon Fried. Ele atende pelo pseudônimo de Olivver e está fazendo carreira solo como Olivver The Kid.');
INSERT INTO `ARTISTAS` (`ARTCODIGO`, `ARTNOME`, `ARTDTINICIO`, `ARTDTTERMINO`, `ARTAPRESENTACAO`) VALUES
(127, 'Alok', '2004-01-01 00:00:00', NULL, 'Alok Achkar Peres Petrillo (Goiânia, 26 de agosto de 1991) é um DJ e produtor musical brasileiro, mais conhecido por seu sucesso mundial de 2016 Hear Me Now. Em 2020, Alok foi eleito o 5º melhor DJ do mundo pela revista britânica DJ Mag.\r\n\r\nEle acompanhava seus pais ao lado de seu irmão gêmeo Bhaskar, em suas apresentações de psy trance pelo país, depois decidiram formar o projeto ao vivo de trance Lógica. Com ela, a dupla lançou um álbum totalmente autoral chegando a fazer shows em cerca de 19 países, além de suas músicas serem destaque na loja virtual Beatport.\r\n\r\nAos 19 anos, depois de trancar o curso de relações internacionais, fez um curso de discotecagem em Londres, retornando ao Brasil novamente. Em 2010, decidiu seguir carreira solo, mudando de gênero para o house music, sendo um dos primeiros a adotar o sub-gênero brazilian bass. Em 2016, ele acabou assinando contrato com a gravadora holandesa Spinnin\' Records, lançando logo depois a canção Hear Me Now com Bruno Martini e do cantor e compositor Zeeba, que levou a sua projeção internacional, com a música entrando em paradas de vários países.'),
(128, 'Eminem (Marshal Bruce Mathers III)', '1989-01-01 00:00:00', NULL, 'Eminem (1972) é um rapper, compositor e produtor musical norte-americano. O álbum \"The Marshall Mathers”, na categoria artista-solo, foi considerado o mais vendido na história musical dos EUA.\r\n\r\nEminem (1972) é um nome artístico de Marshal Bruce Mathers III, nascido em St. Joseph, Missouri, Estados Unidos, no dia 17 de outubro de 1972. Foi abandonado pelo pai e passou por problemas na infância por ter vivido em um bairro negro em Detroit, com fortes conotações raciais, pois Eminem é branco. Logo, interessou-se pelo Rap, ritmo dominante na época e apreciado por comunidades negras americanas. Em 1989, decidiu dedicar-se à música.\r\n\r\nEm 1996, Eminem lançou o álbum \"\"Infinite\"\" que o tornou conhecido no meio musical. Em 1997, foi descoberto pelo rapper Dr. Dre, que o levou para a Aftermath Records. Em 1999, lançou o álbum “Slim Shady”, que contou com a participação do rapper Dr. Young. O disco vendeu 4 milhões de cópias e ganhou o Grammy Award de Melhor álbum de Rap.\r\n\r\nEm 2000, Eminem lançou o álbum \"\"The Marshall Mathers\"\" que foi o mais vendido da história dos EUA, logo nas primeiras semanas do lançamento, tornando-se uma plataforma em sua carreira. Mas, foi com o álbum \"\"The Eminem Show\"\", lançado em 2002, que Eminem chegou ao estrelato. O trabalho virou referência do estilo Rap recebendo o disco de platina pela RIAA-Associação da Indústria de Gravação da América.\r\n\r\nAinda em 2002, lançou um filme semi-biográfico intitulado “8 Mile”, no qual a música de sua autoria “Lose Yourself”, ganhou o Oscar de Melhor Canção Original, em 2003. A música se tornou o single que permaneceu por mais tempo na primeira posição das paradas de hip-hop dos Estados Unidos. O sucesso da música ajudou na divulgação de sua gravadora, a Shady Records e de seu grupo, o D12.\r\nEminem (1972) é um rapper, compositor e produtor musical norte-americano. O álbum \"\"The Marshall Mathers”, na categoria artista-solo, foi considerado o mais vendido na história musical dos EUA.'),
(129, 'Eminem (Marshal Bruce Mathers III)', '1989-01-01 00:00:00', NULL, 'Eminem (1972) é um rapper, compositor e produtor musical norte-americano. O álbum \"The Marshall Mathers”, na categoria artista-solo, foi considerado o mais vendido na história musical dos EUA.\r\n\r\nEminem (1972) é um nome artístico de Marshal Bruce Mathers III, nascido em St. Joseph, Missouri, Estados Unidos, no dia 17 de outubro de 1972. Foi abandonado pelo pai e passou por problemas na infância por ter vivido em um bairro negro em Detroit, com fortes conotações raciais, pois Eminem é branco. Logo, interessou-se pelo Rap, ritmo dominante na época e apreciado por comunidades negras americanas. Em 1989, decidiu dedicar-se à música.\r\n\r\nEm 1996, Eminem lançou o álbum \"\"Infinite\"\" que o tornou conhecido no meio musical. Em 1997, foi descoberto pelo rapper Dr. Dre, que o levou para a Aftermath Records. Em 1999, lançou o álbum “Slim Shady”, que contou com a participação do rapper Dr. Young. O disco vendeu 4 milhões de cópias e ganhou o Grammy Award de Melhor álbum de Rap.\r\n\r\nEm 2000, Eminem lançou o álbum \"\"The Marshall Mathers\"\" que foi o mais vendido da história dos EUA, logo nas primeiras semanas do lançamento, tornando-se uma plataforma em sua carreira. Mas, foi com o álbum \"\"The Eminem Show\"\", lançado em 2002, que Eminem chegou ao estrelato. O trabalho virou referência do estilo Rap recebendo o disco de platina pela RIAA-Associação da Indústria de Gravação da América.\r\n\r\nAinda em 2002, lançou um filme semi-biográfico intitulado “8 Mile”, no qual a música de sua autoria “Lose Yourself”, ganhou o Oscar de Melhor Canção Original, em 2003. A música se tornou o single que permaneceu por mais tempo na primeira posição das paradas de hip-hop dos Estados Unidos. O sucesso da música ajudou na divulgação de sua gravadora, a Shady Records e de seu grupo, o D12.\r\nEminem (1972) é um rapper, compositor e produtor musical norte-americano. O álbum \"\"The Marshall Mathers”, na categoria artista-solo, foi considerado o mais vendido na história musical dos EUA.'),
(130, 'Drake (Aubrey Drake Graham)', '2006-01-01 00:00:00', NULL, 'Aubrey Drake Graham, nasceu no dia 24 de outubro de 1986. O rapper, cantor, compositor, produtor e ator nasceu e foi criado em Toronto no Canadá. Como ator, seu primeiro grande papel foi na série de TV canadense \"\"Degrassi: The Next Generation\"\", onde, entre 2001 e 2005 fez o papel de Jimmy Brooks no drama teen.\r\n\r\nEm 2006 sua carreira como rapper começou a alavancar, com ele lançando várias faixas independentes. Três anos depois ele assinou com a Young Money de Lil Wayne, por onde lançou o EP \"\"So Far Gone\"\", que emplacou os singles \"\"Best I Ever Had\"\" e \"\"Im Goin In\"\" no top 10 nos Estados Unidos.'),
(131, 'Jon Bon Jovi', '1983-01-01 00:00:00', NULL, ''),
(132, 'David Bryan', '1983-01-01 00:00:00', NULL, ''),
(133, 'Tico Torres', '1983-01-01 00:00:00', NULL, ''),
(134, 'Phill X', '1983-01-01 00:00:00', NULL, ''),
(135, 'POST MALONE', '2015-01-01 00:00:00', NULL, 'Austin Richard Post, mais conhecido como Post Malone, é um rapper, cantor, compositor, produtor musical e empresário norte-americano Conhecido por seu estilo multiforme, Malone permeia em suas canções gêneros musicais dos mais diversos como rap, trap, hip hop, pop, rock, R&B e country. A revista The New York Times chegou a descrever sua música como um \"som sem forma\", e afirmou: \"Ele é um cantor de rock cujas cadências vêm do hip-hop, um compositor pop que casa brilho com desleixo. Ele é de todos os gêneros - está tudo nele.\"Entre suas canções de maior sucesso, quatro alcançaram o topo da Billboard Hot 100 - \"Rockstar\", \"Psycho\", \"Sunflower\" e \"Circles\", senda esta última a sua 1.º canção solo a alcançar o topo do ranking. Outras canções também se tornaram bem conhecidas pelo público que acompanha o trabalho de Post - entre tais canções estão os hits \"Better Now\", \"Stay\", \"Congratulations\", \"White Iverson\" e \"I Fall Apart\". Além disso, dos três álbuns que lançou, os dois últimos debutaram em 1.º lugar na Billboard 200 e se tornaram sucessos comerciais em âmbito mundial.O seu nome se tornou do conhecimento do grande público em fevereiro de 2015, quando lançou seu single de estreia, \"White Iverson\" que alcançou a 14# posição no ranking da Billboard Hot 100[28]. Congratulations, seu outro trabalho, alcançou a 8# posição na Billboard Hot 100[29] e foi certificado como disco de diamante pela Recording Industry Association of America (RIAA) por vender mais de 10 milhões de cópias nos Estados Unidos.[30] Em 2017, Malone se destacou ainda mais com seu hit global \"Rockstar\", que chegou ao 1# em vários países, incluindo os EUA - vendendo, assim como Congratulations, mais de 10 milhões de cópias apenas nesse país e se tornando a 2º música de Post a receber o certificado de Diamante pela RIAA[31].'),
(136, 'ALEX TURNER', '2002-01-01 00:00:00', NULL, 'Arctic Monkeys é uma banda britânica de rock formada em 2002 nos subúrbios da cidade de Sheffield, na Inglaterra. O grupo é formado por Alex Turner (vocal, guitarra), Matt Helders (bateria, backing vocal), Jamie Cook (guitarra) e Nick OMalley (baixo, backing vocal).\r\nA banda já lançou seis álbuns de estúdio: Whatever People Say I Am, Thats What Im Not (2006), Favourite Worst Nightmare (2007), Humbug (2009), Suck It and See (2011), AM (2013) e Tranquility Base Hotel & Casino (2018). Seu primeiro álbum foi o disco de estreia que vendeu mais rápido na história das paradas de sucesso britânicas e, em 2013, a revista Rolling Stone o nomeou como o 30º melhor álbum de todos os tempos.'),
(137, 'MATTHEW HELDERS', '2002-01-01 00:00:00', NULL, 'Arctic Monkeys é uma banda britânica de rock formada em 2002 nos subúrbios da cidade de Sheffield, na Inglaterra. O grupo é formado por Alex Turner (vocal, guitarra), Matt Helders (bateria, backing vocal), Jamie Cook (guitarra) e Nick OMalley (baixo, backing vocal).\r\nA banda já lançou seis álbuns de estúdio: Whatever People Say I Am, Thats What Im Not (2006), Favourite Worst Nightmare (2007), Humbug (2009), Suck It and See (2011), AM (2013) e Tranquility Base Hotel & Casino (2018). Seu primeiro álbum foi o disco de estreia que vendeu mais rápido na história das paradas de sucesso britânicas e, em 2013, a revista Rolling Stone o nomeou como o 30º melhor álbum de todos os tempos.'),
(138, 'JAMIE COOK', '2002-01-01 00:00:00', NULL, 'Arctic Monkeys é uma banda britânica de rock formada em 2002 nos subúrbios da cidade de Sheffield, na Inglaterra. O grupo é formado por Alex Turner (vocal, guitarra), Matt Helders (bateria, backing vocal), Jamie Cook (guitarra) e Nick OMalley (baixo, backing vocal).\r\nA banda já lançou seis álbuns de estúdio: Whatever People Say I Am, Thats What Im Not (2006), Favourite Worst Nightmare (2007), Humbug (2009), Suck It and See (2011), AM (2013) e Tranquility Base Hotel & Casino (2018). Seu primeiro álbum foi o disco de estreia que vendeu mais rápido na história das paradas de sucesso britânicas e, em 2013, a revista Rolling Stone o nomeou como o 30º melhor álbum de todos os tempos.'),
(139, 'GLYN JONES', '2002-01-01 00:00:00', NULL, 'Arctic Monkeys é uma banda britânica de rock formada em 2002 nos subúrbios da cidade de Sheffield, na Inglaterra. O grupo é formado por Alex Turner (vocal, guitarra), Matt Helders (bateria, backing vocal), Jamie Cook (guitarra) e Nick OMalley (baixo, backing vocal).\r\nA banda já lançou seis álbuns de estúdio: Whatever People Say I Am, Thats What Im Not (2006), Favourite Worst Nightmare (2007), Humbug (2009), Suck It and See (2011), AM (2013) e Tranquility Base Hotel & Casino (2018). Seu primeiro álbum foi o disco de estreia que vendeu mais rápido na história das paradas de sucesso britânicas e, em 2013, a revista Rolling Stone o nomeou como o 30º melhor álbum de todos os tempos.'),
(140, 'BEM PARSONS ', '2011-01-01 00:00:00', NULL, 'Arctic Monkeys é uma banda britânica de rock formada em 2002 nos subúrbios da cidade de Sheffield, na Inglaterra. O grupo é formado por Alex Turner (vocal, guitarra), Matt Helders (bateria, backing vocal), Jamie Cook (guitarra) e Nick OMalley (baixo, backing vocal).\r\nA banda já lançou seis álbuns de estúdio: Whatever People Say I Am, Thats What Im Not (2006), Favourite Worst Nightmare (2007), Humbug (2009), Suck It and See (2011), AM (2013) e Tranquility Base Hotel & Casino (2018). Seu primeiro álbum foi o disco de estreia que vendeu mais rápido na história das paradas de sucesso britânicas e, em 2013, a revista Rolling Stone o nomeou como o 30º melhor álbum de todos os tempos.');

-- --------------------------------------------------------

--
-- Estrutura da tabela `BANDAS`
--

CREATE TABLE `BANDAS` (
  `BDSCODIGO` int UNSIGNED NOT NULL,
  `BDSNOME` varchar(150) DEFAULT NULL,
  `BDSDTINICIO` datetime DEFAULT CURRENT_TIMESTAMP,
  `BDSDTTERMINO` datetime DEFAULT NULL,
  `BDSAPRESENTACAO` text
) ENGINE=InnoDB DEFAULT CHARSET=utf8mb4;

--
-- Extraindo dados da tabela `BANDAS`
--

INSERT INTO `BANDAS` (`BDSCODIGO`, `BDSNOME`, `BDSDTINICIO`, `BDSDTTERMINO`, `BDSAPRESENTACAO`) VALUES
(1, 'FOO FIGHTERS', '1994-01-01 00:00:00', NULL, 'Foo Fighters é uma banda de rock dos Estados Unidos formada pelos ex-Nirvana Dave Grohl em 1994. Seu nome é uma referência ao termo \"\"foo fighter\"\", usado por aviadores na Segunda Guerra Mundial para descrever fenômenos aéreos misteriosos, considerados OVNIs.\r\nA banda atingiu sucesso internacional, lançando vários hits incluindo \"\"This Is a Call\"\", \"\"Everlong\"\", \"\"Learn to Fly\"\", \"\"All My Life\"\", \"\"Times Like These\"\", \"\"Best of You\"\", \"\"Walk\"\", \"\"My Hero\"\" e \"\"The Pretender\"\". Quatro de seus álbuns, There Is Nothing Left to Lose, One by One, Echoes, Silence, Patience & Grace e Wasting Light ganharam o Grammy por \"\"melhor álbum de rock\"\".'),
(2, 'MUSE', '1994-01-01 00:00:00', NULL, 'Muse é uma banda britânica de rock de Teignmouth, Devon, formada em 1994. Seus membros são: Matthew Bellamy (vocal, guitarra e piano), Christopher Wolstenholme (baixo, voz secundária e teclado) e Dominic Howard (bateria e percussão).\r\nO estilo de Muse é um misto de vários gêneros musicais, incluindo rock alternativo, música clássica e eletrônica. O grupo tornou-se, em 16 e 17 de junho de 2007, a primeira banda a lotar o recém-reformado Estádio de Wembley em Londres.\r\n\r\nA discografia da banda abrange oito álbuns de estúdio: Showbiz, lançado em 1999, seguido de Origin of Symmetry em 2001 e Absolution em 2003. O álbum de maior sucesso foi Black Holes & Revelations (2006) que garantiu ao grupo uma nomeação para os Mercury Prize e o terceiro lugar na lista de \"\"Álbuns do Ano\"\" da NME para 2006. A banda lançou seu quinto álbum em setembro de 2009, intitulado The Resistance. Um sexto disco, chamado The 2nd Law, foi lançado em outubro de 2012. O sétimo, Drones, foi liberado em junho de 2015, e o oitavo, Simulation Theory, foi lançado três anos depois.\r\nMuse conquistou vários prêmios ao longo da sua carreira, incluindo cinco MTV Europe Music Awards, cinco Q Awards, nove NME Awards, dois Brit awards, quatro Kerrang! Awards e um American Music Awards. Foi nomeado para seis prêmios Grammy, ganhando dois na categoria de \"\"Melhor Álbum de Rock\"\" pelos discos The Resistance e Drones.'),
(3, 'THE BEATLES', '1960-01-01 00:00:00', '1970-01-01 00:00:00', 'The Beatles foi uma banda de rock inglesa formada em 1960 na cidade de Liverpool. Formada por John Lennon, Paul McCartney, George Harrison e Ringo Starr, é considerada a banda mais influente de todos os tempos. O grupo fez parte do desenvolvimento da contracultura da década de 1960 e do reconhecimento da música popular como forma de arte. Enraizados do skiffle, beat e rock and roll da década de 1950, seu som incorporava elementos da música clássica e pop tradicional de maneiras inovadoras; a banda mais tarde explorou estilos musicais que variavam de baladas e música indiana a psicodelia e hard rock. Como pioneiros em gravação, composição e apresentação artística, o grupo revolucionou muitos aspectos da indústria da música e foi frequentemente divulgado como líder dos movimentos juvenis e socioculturais da época.'),
(4, 'MAROON 5', '1994-01-01 00:00:00', NULL, 'Maroon 5 é uma banda estadunidense de pop que se originou em Los Angeles, Califórnia. O grupo foi formado em 1994, enquanto seus membros ainda estavam no ensino médio. Com um line-up de Adam Levine, Jesse Carmichael, Mickey Madden e Ryan Dusick,eles assinaram com a Reprise Records e lançaram um álbum, The Fourth World, em 1997. Depois de uma crítica morna do álbum, a banda se separou de sua gravadora, e os seus membros participaram da faculdade. Em 2001, a banda se reagrupou, acrescentando James Valentine à programação, e seguiu uma nova direção sob o nome Maroon 5'),
(5, 'ONEREPUBLIC', '2002-01-01 00:00:00', NULL, 'OneRepublic é uma banda americana de pop rock que surgiu em Colorado Springs1 . Formada em 2002 por Ryan Tedder e Zach Filkins, a banda alcançou grande sucesso no MySpace, tornando-se o ato mais importante do site então. Eles assinaram com a Mosley Music Group, em 2006, e lançou seu álbum de estreia, Dreaming Out Loud em 20 de Novembro de 2007. O álbum debutou na 14ª posição na Billboard 200, ranking de álbuns mais importante dos Estados Unidos.'),
(6, 'MAROON 5', '1994-01-01 00:00:00', NULL, 'Maroon 5 é uma banda estadunidense de pop que se originou em Los Angeles, Califórnia. O grupo foi formado em 1994, enquanto seus membros ainda estavam no ensino médio. Com um line-up de Adam Levine, Jesse Carmichael, Mickey Madden e Ryan Dusick,eles assinaram com a Reprise Records e lançaram um álbum, The Fourth World, em 1997. Depois de uma crítica morna do álbum, a banda se separou de sua gravadora, e os seus membros participaram da faculdade. Em 2001, a banda se reagrupou, acrescentando James Valentine à programação, e seguiu uma nova direção sob o nome Maroon 5'),
(7, 'ONEREPUBLIC', '2002-01-01 00:00:00', NULL, 'OneRepublic é uma banda americana de pop rock que surgiu em Colorado Springs1 . Formada em 2002 por Ryan Tedder e Zach Filkins, a banda alcançou grande sucesso no MySpace, tornando-se o ato mais importante do site então. Eles assinaram com a Mosley Music Group, em 2006, e lançou seu álbum de estreia, Dreaming Out Loud em 20 de Novembro de 2007. O álbum debutou na 14ª posição na Billboard 200, ranking de álbuns mais importante dos Estados Unidos.'),
(8, 'QUEEN', '1970-01-01 00:00:00', '1991-01-01 00:00:00', 'Queen foi uma banda britânica de rock, fundada em 1970 e ativa, sob sua formação clássica, até 1991. O grupo, formado por Brian May, Freddie Mercury, John Deacon e Roger Taylor é frequentemente citado como um dos expoentes do seu estilo, também sendo um dos recordistas de vendas de discos a nível mundial. A música da banda também é conhecida por ser altamente eclética, variando entre várias vertentes do rock.'),
(9, 'FIFTH HARMONY ', '2012-07-27 00:00:00', '2008-03-19 00:00:00', 'Fifth Harmony é um girl group estadunidense, formado na segunda temporada do reality show The X Factor USA. O grupo é formado por Ally Brooke, Normani Kordei, Lauren Jauregui e Dinah Jane. A formação original incluía Camila Cabello, que anunciou sua saída oficialmente em dezembro de 2016. Elas assinaram um contrato conjunto com a Syco Music, que pertence a Simon Cowell, e com a Epic Records, gravadora de L.A. Reid, após terminarem em terceiro lugar no programa. Desde então, elas lançaram um EP e três álbuns completos.'),
(10, 'Linkin park', '1996-01-01 00:00:00', '2017-12-17 00:00:00', 'Linkin Park é uma banda de rock dos Estados Unidos formada em Agoura Hills, Califórnia.'),
(11, 'Nirvana', '1987-01-01 00:00:00', '1994-04-08 00:00:00', 'Nirvana foi uma banda norte-americana de rock, formada em Aberdeen no ano de 1987,'),
(12, 'Linkin park', '1996-01-01 00:00:00', '2017-12-17 00:00:00', 'Linkin Park é uma banda de rock dos Estados Unidos formada em Agoura Hills, Califórnia.'),
(13, 'Nirvana', '1987-01-01 00:00:00', '1994-04-08 00:00:00', 'Nirvana foi uma banda norte-americana de rock, formada em Aberdeen no ano de 1987,'),
(14, 'Imagine Draons', '2008-01-01 00:00:00', NULL, 'Imagine Dragons é uma banda de pop formada em Las Vegas nos Estados Unidos'),
(15, 'Blind Guardian', '1984-01-01 00:00:00', NULL, 'Blind Guardian é uma banda de power metal formada no ano de 1984, em Krefeld, na Alemanha. Antes de adotarem o nome Blind Guardian, os músicos da formação original lançaram duas demos com o nome Lucifers Heritage, em 1985 e 1986.[1] Os membros da banda são: Hansi Kürsch como vocalista, André Olbrich e Marcus Siepen nas guitarras, Frederik Ehmke na bateria, e Barend Courbois no baixo. A banda geralmente busca inspiração para suas músicas na cultura medieval, nas mitologias nórdica e grega e nas obras de J. R. R. Tolkien.'),
(16, 'Interpol', '1997-01-01 00:00:00', NULL, 'Interpol é uma banda norte-americana de rock, formada em 1997, em Nova Iorque.[3] Em sua origem, a banda consistiu de Paul Banks (vocal, guitarra), Daniel Kessler (guitarra, vocais), Carlos Dengler (baixo, teclado) e Greg Drudy (bateria, percussão); todavia, em 2000, Drudy deixou a banda, sendo substituído por Sam Fogarino; e, em 2010, após o término das gravações do quarto álbum da banda, Dengler deixou o grupo.'),
(17, 'The Strokes', '1998-01-01 00:00:00', NULL, 'The Strokes é uma banda de rock dos Estados Unidos formada em 1998 na cidade de Nova Iorque. A banda é formada pelos membros: Julian Casablancas (vocal), Albert Hammond Jr (guitarra), Nick Valensi (guitarra), Nikolai Fraiture (baixo) e Fabrizio Moretti (bateria e percussão).'),
(18, 'Charlie Brown Jr.', '1992-01-01 00:00:00', '2013-01-01 00:00:00', 'Charlie Brown Jr. foi uma banda brasileira de rock formada em Santos em 1992. As canções da banda misturavam vários estilos como o rock alternativo, hardcore punk, reggae, rap, e skate punk, criando, assim, um estilo próprio. As letras frequentemente traziam críticas à sociedade, além de abordarem o universo do jovem contemporâneo.\r\nTodos os membros da banda nasceram em Santos, exceto o vocalista Chorão, natural de São Paulo.\r\nNo dia 6 de março de 2013, Chorão morreu em seu apartamento em São Paulo devido a uma overdose de cocaína e álcool. Os membros remanescentes da banda decidiram abandonar o nome Charlie Brown Jr. e mudaram para A Banca a fim de preservar a memória do cantor com o antigo e homenageá-lo. Porém, o grupo acabou em setembro de 2013, na madrugada do dia 9 daquele mês, pois o baixista-fundador do Charlie Brown Jr. e vocalista da A Banca, Champignon, foi encontrado morto em casa, em São Paulo. por suicídio.'),
(19, 'The Neighbourhood', '2011-01-01 00:00:00', NULL, 'The Neighbourhood (às vezes representado como THE NBHD) é uma banda americana de indie rock formada em Newbury Park, Califórnia em 2011. A banda é composta pelo vocalista Jesse Rutherford, os guitarristas Jeremy Freedman e Zach Abels, o baixista Mikey Margott e o baterista Brandon Fried.\r\nDepois de lançar três EPs, I am Sorry..., The Love Collection e Thank You, eles lançaram seu primeiro álbum completo, I Love You, em 23 de abril de 2013, pela Columbia Records. Em novembro de 2014, eles lançaram uma mixtape intitulada #000000 & #FFFFFF. O segundo álbum da banda, Wiped Out! foi lançado em 30 de outubro de 2015, tendo como cargo chefe a canção \"R. I. P. 2 My Youth\".\r\n\r\nEm setembro de 2017, foi lançado o extended play Hard, com cinco faixas inéditas. Em janeiro de 2018 foi lançado o EP To Imagine com mais cinco músicas inéditas, conectando os dois EPs juntos no dia 24 de janeiro de 2018, eles lançaram um video intitulado \"\"Hard to Imagine\"\", com músicas de ambos os EPs.[2] O terceiro álbum da banda de nome homônimo The Neighbourhood foi lançado em 9 de março de 2018 incluindo algumas músicas lançadas nos EPs Hard e To Imagine meses antes.'),
(20, 'Bon Jovi', '1983-01-01 00:00:00', NULL, 'Bon Jovi é uma banda americana de rock, formada em 1983, em Sayreville, Nova Jersey. A banda mantém algumas características do estilo hard rock dos anos 1980 até hoje, mas assimilou influências dos variados estilos surgidos no rock e heavy metal desde o seu álbum de estreia, em 1984. Com passar dos anos veio a se tornar uma das bandas mais bem sucedidas da história do rock, quando se trata de turnês pelo mundo, sua marca, músicas em seriados, e aparições em programas de tv, a banda em 2011 foi eleita pela revista Rolling Stone como a segunda banda de rock mais cara do planeta, perdendo o topo posteriormente para a banda irlandesa U2.\r\n\r\nBon Jovi já lançou quinze álbuns de estúdio, cinco coletâneas musicais e três álbuns ao vivo. A banda vendeu mais de 100 milhões de cópias, fazendo deles uma das bandas de rock mais bem sucedidas de todos os tempos, realizando também mais de 2 700 shows em 50 países. Bon Jovi foi introduzido no Hall da Fama da música no Reino Unido em 2006 e no Rock and Roll Hall of Fame dos Estados Unidos em 2018. A banda também recebeu prêmios ao mérito da American Music Awards em 2004 e Jon Bon Jovi e Richie Sambora foram introduzidos no Songwriters Hall of Fame em 2009.'),
(21, 'ARCTIC MONKEYS', '2002-01-01 00:00:00', NULL, 'Arctic Monkeys é uma banda britânica de rock formada em 2002 nos subúrbios da cidade de Sheffield, na Inglaterra. O grupo é formado por Alex Turner (vocal, guitarra), Matt Helders (bateria, backing vocal), Jamie Cook (guitarra) e Nick OMalley (baixo, backing vocal).\r\nA banda já lançou seis álbuns de estúdio: Whatever People Say I Am, Thats What Im Not (2006), Favourite Worst Nightmare (2007), Humbug (2009), Suck It and See (2011), AM (2013) e Tranquility Base Hotel & Casino (2018). Seu primeiro álbum foi o disco de estreia que vendeu mais rápido na história das paradas de sucesso britânicas e, em 2013, a revista Rolling Stone o nomeou como o 30º melhor álbum de todos os tempos.');

-- --------------------------------------------------------

--
-- Estrutura da tabela `FAIXAS`
--

CREATE TABLE `FAIXAS` (
  `FXSALBUM` int UNSIGNED NOT NULL,
  `FXSMUSICA` int UNSIGNED NOT NULL,
  `FXSPOSICAO` tinyint UNSIGNED NOT NULL
) ENGINE=InnoDB DEFAULT CHARSET=utf8mb4;

--
-- Extraindo dados da tabela `FAIXAS`
--

INSERT INTO `FAIXAS` (`FXSALBUM`, `FXSMUSICA`, `FXSPOSICAO`) VALUES
(1, 1, 1),
(1, 2, 2),
(1, 3, 3),
(1, 4, 4),
(1, 5, 5),
(1, 6, 6),
(1, 7, 7),
(1, 8, 8),
(1, 9, 9),
(1, 10, 10),
(1, 11, 11),
(1, 12, 12),
(1, 13, 13),
(2, 38, 1),
(2, 39, 2),
(2, 40, 3),
(2, 41, 4),
(2, 42, 5),
(2, 43, 6),
(2, 44, 7),
(2, 45, 8),
(2, 46, 9),
(2, 47, 10),
(2, 48, 11),
(2, 49, 12),
(2, 50, 13),
(2, 51, 14),
(2, 52, 15),
(2, 53, 16),
(2, 54, 17),
(2, 55, 18),
(3, 27, 1),
(3, 28, 2),
(3, 29, 3),
(3, 30, 4),
(3, 31, 5),
(3, 32, 6),
(3, 33, 7),
(3, 34, 8),
(3, 35, 9),
(3, 36, 10),
(3, 37, 11),
(4, 93, 1),
(4, 94, 2),
(4, 95, 3),
(4, 96, 4),
(4, 97, 5),
(4, 98, 6),
(4, 99, 7),
(4, 100, 8),
(4, 101, 9),
(4, 102, 10),
(4, 103, 11),
(4, 104, 12),
(4, 105, 13),
(4, 106, 14),
(5, 107, 1),
(5, 108, 2),
(5, 109, 3),
(5, 110, 4),
(5, 111, 5),
(5, 112, 6),
(5, 113, 7),
(5, 114, 8),
(5, 115, 9),
(5, 116, 10),
(5, 118, 12),
(5, 119, 13),
(5, 120, 14),
(5, 121, 15),
(6, 122, 1),
(6, 123, 2),
(6, 124, 3),
(6, 125, 4),
(6, 126, 5),
(6, 127, 6),
(6, 128, 7),
(6, 129, 8),
(6, 130, 9),
(6, 131, 10),
(6, 132, 11),
(6, 133, 12),
(6, 134, 13),
(6, 135, 14),
(6, 136, 15),
(6, 137, 16),
(7, 138, 1),
(7, 139, 2),
(7, 140, 3),
(7, 141, 4),
(7, 142, 5),
(7, 143, 6),
(7, 144, 7),
(7, 145, 8),
(7, 146, 9),
(7, 147, 10),
(7, 148, 11),
(7, 149, 12),
(8, 150, 1),
(8, 151, 2),
(8, 152, 3),
(8, 153, 4),
(8, 154, 5),
(8, 155, 6),
(8, 156, 7),
(8, 157, 8),
(8, 158, 9),
(8, 159, 10),
(8, 160, 11),
(8, 161, 12),
(9, 162, 1),
(9, 163, 2),
(9, 164, 3),
(9, 165, 4),
(9, 166, 5),
(9, 167, 6),
(9, 168, 7),
(9, 169, 8),
(9, 170, 9),
(9, 171, 10),
(9, 172, 11),
(9, 173, 12),
(9, 174, 13),
(10, 175, 1),
(10, 176, 2),
(10, 177, 3),
(10, 178, 4),
(10, 179, 5),
(10, 180, 6),
(10, 181, 7),
(10, 182, 8),
(10, 183, 9),
(10, 184, 10),
(10, 185, 11),
(10, 186, 12),
(10, 187, 13),
(11, 56, 1),
(11, 57, 2),
(11, 58, 3),
(11, 59, 4),
(11, 60, 5),
(11, 61, 6),
(11, 62, 7),
(11, 63, 8),
(11, 64, 9),
(11, 65, 10),
(11, 66, 11),
(11, 67, 12),
(11, 68, 13),
(12, 69, 1),
(12, 70, 2),
(12, 71, 3),
(12, 72, 4),
(12, 73, 5),
(12, 74, 6),
(12, 75, 7),
(12, 76, 8),
(12, 77, 9),
(12, 78, 10),
(12, 79, 11),
(12, 80, 12),
(12, 81, 13),
(13, 82, 1),
(13, 83, 2),
(13, 84, 3),
(13, 85, 4),
(13, 86, 5),
(13, 87, 6),
(13, 88, 7),
(13, 89, 8),
(13, 90, 9),
(13, 91, 10),
(13, 92, 11),
(14, 405, 1),
(14, 406, 2),
(14, 407, 3),
(14, 408, 4),
(14, 409, 5),
(14, 410, 6),
(14, 411, 7),
(14, 412, 8),
(14, 413, 9),
(14, 414, 10),
(14, 415, 11),
(14, 416, 12),
(14, 417, 13),
(14, 418, 14),
(14, 419, 15),
(14, 420, 16),
(14, 421, 17),
(14, 422, 18),
(14, 423, 19),
(14, 424, 20),
(14, 425, 21),
(15, 224, 1),
(15, 225, 2),
(15, 226, 3),
(15, 227, 4),
(15, 228, 5),
(15, 229, 6),
(15, 230, 7),
(15, 231, 8),
(15, 232, 9),
(15, 233, 10),
(16, 234, 1),
(16, 235, 2),
(16, 236, 3),
(16, 237, 4),
(16, 238, 5),
(16, 239, 6),
(16, 240, 7),
(16, 241, 8),
(16, 242, 9),
(16, 243, 10),
(17, 253, 1),
(17, 254, 2),
(17, 255, 3),
(17, 256, 4),
(17, 257, 5),
(17, 258, 6),
(17, 259, 7),
(17, 260, 8),
(17, 261, 9),
(17, 262, 10),
(17, 263, 11),
(18, 244, 1),
(18, 245, 2),
(18, 246, 3),
(18, 247, 4),
(18, 248, 5),
(18, 249, 6),
(18, 250, 7),
(18, 251, 8),
(18, 252, 9),
(19, 459, 1),
(19, 461, 2),
(19, 462, 3),
(19, 463, 4),
(19, 464, 5),
(19, 465, 6),
(19, 466, 7),
(19, 467, 8),
(19, 468, 9),
(19, 476, 10),
(19, 477, 11),
(20, 478, 1),
(20, 479, 2),
(20, 480, 3),
(20, 481, 4),
(20, 482, 5),
(20, 483, 6),
(20, 484, 7),
(20, 485, 8),
(20, 486, 9),
(20, 487, 10),
(21, 488, 1),
(21, 489, 2),
(21, 490, 3),
(21, 491, 4),
(21, 492, 5),
(21, 493, 6),
(21, 494, 7),
(21, 495, 8),
(21, 496, 9),
(21, 497, 10),
(21, 498, 11),
(21, 499, 12),
(22, 500, 1),
(22, 501, 2),
(22, 502, 3),
(22, 503, 4),
(22, 504, 5),
(22, 505, 6),
(22, 506, 7),
(22, 507, 8),
(22, 508, 9),
(22, 509, 10),
(22, 510, 11),
(23, 511, 1),
(23, 512, 2),
(23, 513, 3),
(23, 514, 4),
(23, 515, 5),
(23, 516, 6),
(23, 517, 7),
(23, 518, 8),
(23, 519, 9),
(23, 520, 10),
(24, 521, 1),
(24, 522, 2),
(24, 523, 3),
(24, 524, 4),
(24, 525, 5),
(24, 537, 6),
(24, 538, 7),
(24, 539, 8),
(24, 540, 9),
(24, 541, 10),
(25, 542, 1),
(25, 543, 2),
(25, 544, 3),
(25, 545, 4),
(25, 546, 5),
(25, 547, 6),
(25, 548, 7),
(25, 549, 8),
(25, 550, 9),
(25, 551, 10),
(26, 552, 1),
(26, 553, 2),
(26, 554, 3),
(26, 555, 4),
(26, 556, 5),
(26, 557, 6),
(26, 558, 7),
(26, 559, 8),
(26, 560, 9),
(26, 561, 10),
(26, 562, 1),
(26, 563, 1),
(26, 564, 1),
(26, 565, 1),
(26, 566, 1),
(26, 567, 1),
(26, 568, 1),
(26, 569, 1),
(26, 570, 1),
(28, 699, 1),
(28, 702, 2),
(28, 705, 3),
(28, 706, 4),
(28, 707, 5),
(28, 708, 6),
(28, 709, 7),
(28, 710, 8),
(28, 711, 9),
(28, 712, 10),
(28, 713, 11),
(28, 714, 12),
(28, 715, 13),
(28, 716, 14),
(28, 717, 15),
(28, 718, 16),
(29, 719, 17),
(29, 720, 1),
(29, 721, 2),
(29, 722, 3),
(29, 723, 4),
(29, 724, 5),
(29, 725, 6),
(29, 726, 7),
(29, 727, 8),
(29, 728, 9),
(29, 729, 10),
(29, 730, 11),
(29, 731, 12),
(29, 732, 13),
(30, 733, 1),
(30, 734, 2),
(30, 735, 3),
(30, 736, 4),
(30, 737, 5),
(30, 738, 6),
(30, 739, 7),
(30, 740, 8),
(30, 741, 9),
(31, 264, 1),
(31, 265, 2),
(31, 266, 3),
(31, 267, 4),
(31, 268, 5),
(31, 269, 6),
(31, 270, 7),
(31, 271, 8),
(31, 272, 9),
(31, 273, 10),
(31, 274, 11),
(31, 275, 12),
(31, 276, 13),
(31, 277, 14),
(31, 278, 15),
(32, 279, 1),
(32, 280, 2),
(32, 281, 3),
(32, 282, 4),
(32, 283, 5),
(32, 284, 6),
(32, 285, 7),
(32, 286, 8),
(32, 287, 9),
(32, 288, 10),
(32, 289, 11),
(33, 290, 1),
(33, 291, 2),
(33, 292, 3),
(33, 293, 4),
(33, 294, 5),
(33, 295, 6),
(33, 296, 7),
(33, 297, 8),
(33, 298, 9),
(33, 299, 10),
(33, 300, 11),
(33, 301, 12),
(33, 302, 13),
(33, 303, 14),
(33, 304, 15),
(34, 426, 1),
(34, 427, 2),
(34, 428, 3),
(34, 429, 4),
(34, 430, 5),
(34, 431, 6),
(34, 432, 7),
(34, 433, 8),
(34, 434, 9),
(34, 435, 10),
(34, 436, 11),
(34, 437, 12),
(34, 438, 13),
(34, 439, 14),
(34, 440, 15),
(35, 441, 1),
(35, 442, 2),
(35, 443, 3),
(35, 444, 4),
(35, 445, 5),
(35, 446, 6),
(35, 447, 7),
(35, 448, 8),
(35, 449, 9),
(35, 450, 10),
(35, 451, 11),
(35, 452, 12),
(35, 453, 13),
(35, 454, 14),
(35, 455, 15),
(35, 456, 16),
(35, 457, 17),
(35, 458, 18),
(36, 592, 1),
(36, 593, 2),
(36, 594, 3),
(36, 595, 4),
(36, 596, 5),
(36, 597, 6),
(36, 598, 7),
(36, 599, 8),
(36, 600, 9),
(36, 601, 10),
(36, 602, 11),
(36, 603, 12),
(36, 604, 13),
(37, 605, 1),
(37, 606, 2),
(37, 607, 3),
(37, 608, 4),
(37, 609, 5),
(37, 610, 6),
(37, 611, 7),
(37, 612, 8),
(37, 613, 9),
(37, 614, 10),
(37, 615, 11),
(37, 616, 12),
(37, 617, 13),
(38, 618, 1),
(38, 619, 2),
(38, 620, 3),
(38, 621, 4),
(39, 622, 1),
(39, 623, 2),
(39, 624, 3),
(39, 625, 4),
(39, 626, 5),
(39, 627, 6),
(39, 628, 7),
(40, 629, 1),
(40, 630, 2),
(40, 631, 3),
(40, 632, 4),
(40, 633, 5),
(40, 634, 6),
(40, 635, 7),
(40, 636, 8),
(40, 637, 9),
(40, 638, 10),
(40, 639, 11),
(40, 640, 12),
(40, 641, 13),
(41, 642, 1),
(41, 643, 2),
(41, 644, 3),
(41, 645, 4),
(41, 646, 5),
(41, 647, 6),
(41, 648, 7),
(41, 649, 8),
(41, 650, 9),
(41, 651, 10),
(41, 652, 11),
(42, 653, 1),
(42, 654, 2),
(42, 655, 3),
(42, 656, 4),
(42, 657, 5),
(42, 658, 6),
(42, 659, 7),
(42, 660, 8),
(42, 661, 9),
(42, 662, 10),
(42, 663, 11),
(42, 664, 12),
(70, 687, 1),
(70, 688, 2),
(70, 689, 3),
(70, 690, 4),
(70, 691, 5),
(70, 692, 6),
(70, 693, 7),
(70, 694, 8),
(70, 695, 9),
(70, 696, 10),
(70, 697, 11),
(70, 698, 12),
(71, 676, 1),
(71, 677, 2),
(71, 678, 3),
(71, 679, 4),
(71, 680, 5),
(71, 681, 6),
(71, 682, 7),
(71, 683, 8),
(71, 684, 9),
(71, 685, 10),
(71, 686, 11),
(72, 665, 1),
(72, 666, 2),
(72, 667, 3),
(72, 668, 4),
(72, 669, 5),
(72, 670, 6),
(72, 671, 7),
(72, 672, 8),
(72, 673, 9),
(72, 674, 10),
(72, 675, 11),
(73, 744, 1),
(73, 745, 1),
(73, 746, 1),
(73, 747, 1),
(73, 748, 1),
(73, 749, 1),
(73, 750, 1),
(73, 751, 1),
(73, 752, 1),
(73, 753, 1),
(73, 754, 1),
(73, 755, 1),
(73, 756, 1),
(73, 757, 1),
(73, 758, 1),
(73, 759, 1),
(73, 760, 1),
(74, 761, 1),
(74, 762, 1),
(74, 763, 1),
(74, 764, 1),
(74, 765, 1),
(74, 766, 1),
(74, 767, 1),
(74, 768, 1),
(74, 769, 1),
(74, 770, 1),
(74, 771, 1),
(74, 772, 1),
(74, 773, 1),
(74, 774, 1),
(74, 775, 1),
(74, 776, 1),
(75, 777, 1),
(75, 778, 1),
(75, 779, 1),
(75, 780, 1),
(75, 781, 1),
(75, 782, 1),
(75, 783, 1),
(75, 784, 1),
(75, 785, 1),
(75, 786, 1),
(75, 787, 1),
(75, 788, 1),
(76, 789, 1),
(76, 790, 2),
(76, 791, 3),
(76, 792, 4),
(76, 793, 5),
(76, 794, 6),
(76, 795, 7),
(76, 796, 8),
(76, 797, 9),
(76, 798, 10),
(76, 799, 11),
(76, 800, 12),
(76, 801, 13),
(76, 802, 14),
(76, 803, 15),
(76, 804, 16),
(76, 805, 17),
(77, 806, 1),
(77, 807, 2),
(77, 808, 3),
(77, 809, 4),
(77, 810, 5),
(77, 811, 6),
(77, 812, 7),
(77, 813, 8),
(77, 814, 9),
(77, 815, 10),
(78, 816, 1),
(78, 817, 2),
(78, 818, 3),
(78, 819, 4),
(78, 820, 5),
(78, 821, 6),
(78, 822, 7),
(78, 823, 8),
(78, 824, 9),
(78, 825, 10),
(78, 826, 11),
(78, 827, 12),
(78, 828, 13);

-- --------------------------------------------------------

--
-- Estrutura da tabela `GENEROS`
--

CREATE TABLE `GENEROS` (
  `GNRCODIGO` int UNSIGNED NOT NULL,
  `GNRNOME` varchar(50) DEFAULT NULL,
  `GNRDESCRICAO` text
) ENGINE=InnoDB DEFAULT CHARSET=utf8mb4;

--
-- Extraindo dados da tabela `GENEROS`
--

INSERT INTO `GENEROS` (`GNRCODIGO`, `GNRNOME`, `GNRDESCRICAO`) VALUES
(1, 'MPB', 'A MPB, sigla derivada da expressão Música Popular Brasileira, é um gênero musical surgido no Brasil em meados da década de 1960. A MPB surgiu a partir de 1966 na cidade do Rio de Janeiro com a segunda geração da bossa nova, mas com uma forte influência do folclore brasileiro que já vinha desde 1932. Na prática, a sigla MPB anunciou uma fusão de dois movimentos musicais até então divergentes, a bossa nova e o engajamento folclórico dos Centros Populares de Cultura da União Nacional dos Estudantes. Os primeiros defendendo a sofisticação musical e os segundos, a fidelidade à música de raiz brasileira. Seus propósitos se misturaram e, com o golpe de 1964, os dois movimentos se tornaram uma frente ampla cultural contra o regime militar, adotando a sigla MPB na sua bandeira de luta.\r\n\r\nA Jovem Guarda e a Tropicália são movimentos musicais que fazem parte da MPB, mas a Tropicália se identificou mais com a MPB do que a Jovem Guarda devido as misturas de ritmos nacionais com as internacionais.\r\n\r\nA MPB começou com um perfil marcadamente nacionalista, mas foi mudando e incorporando elementos de procedências várias, até pela pouca resistência, por parte dos músicos, em misturar gêneros musicais. Esta diversidade é até saudada como uma das marcas deste gênero musical. Pela própria hibridez, é difícil defini-la.\r\n\r\nO nome MPB pode, em determinados momentos, criar confusão por aparentemente se referir a qualquer música popular do Brasil, porém é importante diferenciar MPB - o estilo musical - de outros, como o samba, o choro, a bossa nova etc. Apesar de todos terem ligações, não são a mesma coisa. Assim como a bossa nova, a MPB foi uma tentativa de produzir uma música brasileira \"\"nacional\"\" a partir de estilos tradicionais. A MPB teve um impacto considerável na década de 1960, em grande parte graças a vários festivais de música na televisão.'),
(2, 'ROCK', 'Rock (ou roque) é um termo abrangente que define um gênero musical de música popular que se desenvolveu durante e após a década de 1950. Suas raízes se encontram no rock and roll e no rockabilly que emergiram e se definiram nos Estados Unidos no final dos anos quarenta e início dos cinquenta e que, por sua vez, evoluíram do blues, da música country e do rhythm and blues. Outras influências musicais sobre o rock ainda incluem o folk, o jazz e a música clássica. Todas estas influências foram combinadas em uma estrutura musical simples baseada no blues que era \"\"rápida, dançável e pegajosa\"\".\r\n\r\nNo final da década de 1960 e início dos anos setenta, o rock desenvolveu diferentes subgêneros. Quando foi misturado com a folk music ou com o blues ou com o jazz, nasceram o folk rock, o blues-rock e o jazz-rock, respectivamente. Na década de 1970, o rock incorporou influências de gêneros como a soul music, o funk e de diversos ritmos de países latino-americanos. Ainda naquela década, o rock gerou uma série de outros subgêneros, tais como o soft rock, o glam rock, o heavy metal, o hard rock, o rock progressivo e o punk rock. Já nos anos oitenta, os subgêneros que surgiram foram a new wave, o punk hardcore e rock alternativo. E, na década de 1990, os subgêneros criados foram o grunge, o britpop, o indie rock e o nu metal.\r\n\r\nO som do rock, muitas vezes, gira em torno da guitarra elétrica ou do violão e utiliza um forte backbeat (contratempo) estabelecido pelo ritmo do baixo elétrico, da bateria, do teclado, e outros instrumentos como órgão, piano, ou, desde a década de 1970, sintetizadores digitais. Junto com a guitarra ou teclado, o saxofone e a gaita, são por vezes utilizados como instrumentos solo. Em sua \"\"forma pura\"\", o rock \"\"tem três acordes, um forte e insistente contratempo e uma melodia cativante\"\".\r\n\r\nA maioria dos grupos de rock é constituída por um vocalista, um guitarrista, um baixista e um baterista, formando um quarteto. Alguns grupos omitem uma ou mais destas funções e/ou utilizam um vocalista que toca um instrumento enquanto canta, às vezes formando um trio ou duo; outros ainda adicionam outros músicos, como um ou dois guitarristas e/ou tecladista. Mais raramente, os grupos também utilizam saxofonistas ou trompetistas e até instrumentos como violinos com cordas ou violoncelos.'),
(5, 'POP', 'A música pop (em inglês: pop music; um termo que deriva da abreviação de \"popular\") é um gênero da música popular.'),
(6, 'Rock clássico ', 'Rock clássico (classic rock em inglês) é uma definição dada a músicos de rock considerados inovadores, surgidos principalmente entre o princípio da década de 60 e final da década de 70.\r\nO termo foi criado por estações de rádio para definir a programação que evoluiu a partir do formato album-oriented rock no começo da década de 80.'),
(7, 'Hip-Hop', 'Hip hop é um gênero musical, com uma subcultura própria, iniciado durante a década de 1970, nas comunidades jamaicanas, latinas e afro-americanas da cidade de Nova Iorque. Afrika Bambaataa, reconhecido como o criador do movimento, estabeleceu quatro pilares essenciais na cultura hip hop: o rap, o DJing, breakdance e o graffiti. Outros elementos incluem a moda hip hop e gírias.\r\n\r\nDesde quando surgiu primeiramente no South Bronx, a cultura hip hop se espalhou por todo o mundo. No momento em que o hip hop surgiu, a base concentrava-se nos disc jockeys que criavam batidas rítmicas chamadas \"\"loop\"\" (pequenos trechos de música em repetições contínuas) em dois turntables, que atualmente é referido como sampling. Posteriormente, foi acompanhada pelo rap (abreviatura de rhythm and poetry ou ritmo e poesia em inglês) com uma técnica vocal diferente para acompanhar os loops dos DJs. Junto com isto, surgiram formas diferentes de danças improvisadas, como a breakdance, o popping e o locking.\r\n\r\nA relação entre o grafite e a cultura rap music surgiu quando novas formas de pintura foram sendo realizadas em áreas onde a prática dos outros três pilares do hip hop eram frequentes, com uma forte sobreposição entre escritores de grafite e quem praticava os outros elementos.'),
(8, 'CÚMBIA ', 'Cúmbia é a música típica nacional da Colômbia. De início, surgiu na região norte do país, na zona rural e somente depois chegou às grandes cidades. O ritmo se disseminou por todos ou quase todos os países falantes do castelhano na América Latina e, atualmente, é considerado um dos ritmos musicais mais populares na Argentina e no México.'),
(9, 'Indie rock', 'Indie (Independent) rock, ou apenas rock independente em português, é um gênero musical surgido no Reino Unido e Estados Unidos, especialmente durante as décadas de 1970 (pós movimento hippie) a 1980. É enraizado em gêneros mais antigos, como o rock alternativo, o pós-punk e a new wave. O termo é frequentemente utilizado para descrever os meios de produção e distribuição de música underground, independente e dissociada de grandes gravadoras, assim como o estilo musical a utilizar originalmente este meio de produção.'),
(10, 'POP LATINO', 'Pop latino ou música popular latina é um género musical que contêm influências latino-americanas. Geograficamente, pode referir-se a toda a música pop produzida em território latino-americano ou executada por latino-americanos, chamados de hispânicos nos Estados Unidos. O pop latino geralmente é cantado em espanhol, ou algum outro idioma latino, embora canções em inglês e outros idiomas não sejam raras. Além disso, diversos artistas internacionais da França e Itália costumam regravar suas canções em espanhol para o público latino.'),
(11, 'RHYTHM AND BLUES', 'Rhythm and blues ou R&B é um termo usado originalmente para descrever gravações comercializadas predominantemente por artistas Afro-americanos, num momento em que um estilo baseado no jazz com uma batida pesada e insistente estava se tornando mais popular.'),
(12, 'TEJANO/ TEX-MEX', 'A música tejano, também conhecida como música Tex-Mex , é um estilo de música popular que combina influências mexicanas e americanas. Com elementos das tradições vocais mexicanas-espanholas e melodias e ritmos de dança tcheca e alemã, particularmente polca ou valsa, a música é tradicionalmente tocada por pequenos grupos com acordeão e violão. Sua evolução começou no norte do México (uma variação conhecida como norteño ). Alcançou um público muito maior no final do século 20 graças à explosiva popularidade da artista Selena'),
(13, 'DANCE MUSIC', 'O termo Dance music refere-se a uma coleção de estilos e gêneros considerados dançantes que emergiram na América do Norte e na Europa no final da década de 70, incorporando elementos da música eletrônica e disco em novas formas híbridas. O estilo ganhou força no final de década de 80 e em toda a década de 90, anos marcantes pela grande disseminação de estilos variados da música eletrônica.'),
(14, 'Indie rock', 'Indie rock, ou apenas \"rock independente\" em português, é um gênero musical surgido no Reino Unido e Estados Unidos, especialmente durante as décadas de 1970 a 1980. É enraizado em gêneros mais antigos, como o rock alternativo, o pós-punk e a new wave.'),
(15, 'Rock Alternativo', 'Rock alternativo (também conhecido como alt-rock, música alternativa ou simplesmente alternativo) é um gênero de rock surgido na década de 1980 que se tornou bastante popular na década de 1990.[1] Consiste de vários subgêneros oriundos da cena musical independente como grunge e britpop, que estão relacionados por sua influência em diversas escalas com o punk rock e que não se encaixavam em classificação alguma conhecida na época. Às vezes era usado para rotular artistas undergrounds dos anos 80 e bandas de rock and roll dos anos 90. Mais especificamente, englobava a maioria dos gêneros que surgiram nos anos 80 e que tornaram-se conhecidos nos anos 90, como o guitar, pós-punk, rock gótico e college rock.\r\n\r\nApesar do gênero ter a estrutura de rock, muitas bandas são influenciadas pela música de seus respectivos países, sendo a influência de folk, reggae, eletrônico e jazz facilmente encontrada. Portanto, duas bandas de rock alternativo não têm necessariamente o mesmo ritmo, sendo o termo usado para qualquer rock que se aproxime do rock clássico, mas que, não se encaixou em nenhuma de suas vertentes.'),
(16, 'Indie pop', 'Indie pop é um gênero musical e subcultura que, em sua definição original, combina \"pop de guitarra\" com a ideologia ética Do it yourself, em oposição ao estilo e tom da música pop mainstream. O estilo é derivado do pós-punk britânico e teve origem no final da década de 1970.'),
(17, 'Hip hop alternativo', 'Hip Hop Alternativo (também chamado de Rap Alternativo ou Rap Underground) é um estilo do Rap que é o oposto do estilo Pop Rap, tentando mostrar as raízes dos problemas sociais, e não apenas como \"coisa comercial\", como definem a grande maioria dos rappers que fazem esse estilo, nem sempre criticando, mas querendo que o rap não vire \"somente moda\", e sim seja a solução para \"abrir os olhos\" das pessoas para a realidade.'),
(18, 'Dance-pop', 'Dance-pop é um subgênero do pop e dance que se originou no início da década de 1980. É geralmente música no ritmo uptempo destinada à boates com a intenção de ser dançante, mas também adequada para as rádios. Desenvolvendo-se a partir de uma combinação de electronic dance music e música pop, com influências de música disco, pós-disco, new wave, synth-pop, house e electropop, é geralmente caracterizada por batidas fortes em canções fáceis e descomplicadas que são geralmente mais similares à música pop do que o gênero dance mais livre, com ênfase na melodia. O gênero, em geral, tende a ser impulsionado por produtores musicais, apesar de algumas exceções notáveis.'),
(19, 'Electropop', 'Durante o início dos anos 1980, artistas britânicos como Gary Numan , Human League , Soft Cell , John Foxx e Visage ajudaram a criar um novo estilo de synth-pop que se inspirou mais fortemente na música eletrônica e enfatizou o uso primário de sintetizadores, enquanto o O estilo electro foi amplamente desenvolvido por Afrika Bambaataa , que foi fortemente influenciado pela Yellow Magic Orchestra e Kraftwerk , e por sua vez influenciou o estilo de música pop dos anos 1980 de Madonna.'),
(20, 'Dark Pop', 'O gênero, considerado o lado sombrio do pop, pode ser descrito como uma mistura de música pop animada com letras mais sombrias e góticas. As canções do costumam ter a estrutura do pop, mas possuem uma vibe pesada e triste, com letras fantasiando sobre morte e anormalidades.'),
(21, 'Reggae', 'Reggae é um gênero musical desenvolvido originalmente na Jamaica do fim da década de 1960. No Brasil, é um ritmo predominante no estado do Maranhão. Embora por vezes seja usado num sentido mais amplo para se referir à maior parte dos tipos de música jamaicana, o termo reggae indica mais especificamente um tipo particular de música que se originou do desenvolvimento do ska e do rocksteady.'),
(22, 'Trap', 'Trap é um subgênero do rap que se originou na década de 2000 com DJ Paul no sul dos Estados Unidos. Ganhou popularidade em meados de 2007 com o surgimento de vários grupos de rap e rappers como Gucci Mane, OJ da Juiceman e produtores como Drumma Boy, Shawty Redd e DJ Zaytoven. Logo depois surgiu o menino Lex Luger com seu 808 com pegada diferente que elevou o trap a outro nível. O trap da música eletrônica é o que é graças ao trap do movimento hip-hop que aguçou a inspiração de vários DJ de EDM'),
(23, 'Eletrônica', 'A música eletrónica (português europeu) ou eletrônica (português brasileiro) é toda música que é criada ou modificada através do uso de equipamentos e instrumentos eletrônicos.[1] Por sua história passar de uma vertente da música erudita (fruto do trabalho de compositores visionários) a um elemento da música popular, primeiramente bastante relacionado ao rock e posteriormente discernindo-se como um gênero musical próprio (principalmente relacionado com a música popular nos sub-estilos considerados dançantes tais como o techno, acid house, trance e drum \'n\' bass, desenvolvidos a partir do auge da música disco no final da década de 1970). Atualmente existem várias ramificações do estilo, tanto eruditas como populares.\r\nOriginalmente relutada por ter sua tecnologia evoluída muito mais rapidamente que sua estética, só passou a ter princípios e tradição após a Segunda Guerra Mundial,[1] com o trabalho de franceses na música concreta e de alemães na Elektronische Musik.'),
(24, 'RAP', 'Rap é um discurso ritmico com rimas e poesias, que surgiu no final do século XX entre comunidades Afro-descendentes nos Estados Unidos. É um dos cinco pilares fundamentais da cultura do hip hop, de modo que se chame metonimicamente (e de forma impresisa) hip hop.                                                                                         O rap, comercializado nos EUA, desenvolveu-se tanto por dentro como por fora da cultura hip hop, e começou com as festas nas ruas, nos anos 1970 por jamaicanos e outros. Eles introduziam as grandes festas populares em grandes galpões, com a prática de ter um MC, que subia no palco junto ao DJ e animava a multidão, gritando e encorajando com as palavras rimadas, até que foi se formando o rap. A origem do Rap veio da Jamaica, mais ou menos na década de 1960 quando surgiram os sistemas de som, que eram colocados nas ruas dos guetos jamaicanos para animar bailes. Esses bailes serviam de fundo para o discurso dos \"toasters\", autênticos mestres de cerimônia que comentavam, nas suas intervenções, assuntos como a violência das favelas de Kingston e a situação política da Ilha, sem deixar de falar, é claro, de temas mais polêmicos, como sexo e drogas. No início da década de 1970 muitos jovens jamaicanos foram obrigados a emigrar para os Estados Unidos, devido a uma crise econômica e social que se abateu sobre a ilha. E um em especial, o DJ jamaicano Kool Herc, introduziu em Nova Iorque a tradição dos sistemas de som e do canto falado e foi se espalhando e popularizando entre as classes mais pobres ate chegar a atingir a alta sociedade.Rap, na música, é extremamente fidedigna à improvisação poética sobre uma batida no tempo rápido e freqüentemente só é acompanhada pelo som do baixo, ou sem acompanhamento. Rap é um estilo musical raro em que o texto é mais importante que a linha melódica ou a parte harmônica; sendo um dos dois únicos estilos musicais da história da música ocidental em que o texto é mais importante que a música---o outro sendo o canto gregoriano, em que a música era uma monodia, homofônica, marcada pelo ritmo, e a melodia religiosamente não podia nunca sobressair o texto litúrgico. O rap não usa melodias e motivos decorativos e harmônicos com arranjos elaborados dos instrumentos, mas vale-se somente em quão rápido o cantor narra a sua \"fala\" com muito pouca musicalidade adicionada a sua poesia. A música rap também tem uma similaridade distinta com a música celta em que forma-se uma brincadeira na qual os cantores tentam duelar suas frases com rimas, rapidamente improvisadas e humorísticas; alternadamente, um desafiando o outro nas rápidas frases inteligentes; quem ganha---deixando o outro esgotado sem ideias---não paga pelas bebidas. Esta influência indireta e não intencional veio da música de raiz, de folclore, importada pelos imigrantes escoceses e irlandeses que migraram para o sul dos EUA, das fazendas de plantação, como a música afro-americana, que pelo povo do sul, com a música de improvisação, no Jazz de raiz, surge nos duelos de banjo (country) depois, e desses \"duelos\" aparece também, bem mais tarde, o rap.'),
(25, 'Teste', ' khjgdfhgd'),
(26, 'Teste', 'é um genero de teste'),
(27, 'Fofo', ' Um genero muito fofo');

-- --------------------------------------------------------

--
-- Estrutura da tabela `GRAVADORAS`
--

CREATE TABLE `GRAVADORAS` (
  `GRVCODIGO` int UNSIGNED NOT NULL,
  `GRVNOME` varchar(100) DEFAULT NULL,
  `GRVDTFUNDACAO` datetime DEFAULT CURRENT_TIMESTAMP,
  `GRVDTFALENCIA` datetime DEFAULT NULL
) ENGINE=InnoDB DEFAULT CHARSET=utf8mb4;

--
-- Extraindo dados da tabela `GRAVADORAS`
--

INSERT INTO `GRAVADORAS` (`GRVCODIGO`, `GRVNOME`, `GRVDTFUNDACAO`, `GRVDTFALENCIA`) VALUES
(1, 'RCA RECORDS', '1929-01-01 00:00:00', NULL),
(2, 'MCA INC.', '1924-01-01 00:00:00', NULL),
(3, 'PARLOPHONE', '1896-01-01 00:00:00', NULL),
(4, 'Jive Records', '1981-01-01 00:00:00', NULL),
(5, 'Epic Records', '1953-01-01 00:00:00', NULL),
(6, 'Atlantic Records', '1947-01-01 00:00:00', NULL),
(7, 'SONY MUSIC', '1960-01-01 00:00:00', NULL),
(8, 'WARNER RECORDS', '1958-03-19 00:00:00', NULL),
(9, 'Nuclear Blast', '1987-01-01 00:00:00', NULL),
(10, 'Virgin Records', '1972-01-01 00:00:00', NULL),
(11, 'Capitol Records', '1942-01-01 00:00:00', NULL),
(12, 'Cult Records', '2009-01-01 00:00:00', NULL),
(13, 'DGC Records', '1990-01-01 00:00:00', NULL),
(14, 'Interscope Records', '1989-01-01 00:00:00', NULL),
(15, 'REPRISE RECORDS', '1960-01-01 00:00:00', NULL),
(16, 'OCTONE RECORDS', '2007-01-01 00:00:00', NULL),
(17, 'J RECORDS', '2000-01-01 00:00:00', NULL),
(18, '222 records', '2012-01-01 00:00:00', NULL),
(19, 'Fueled by Ramen', '1996-01-01 00:00:00', NULL),
(20, 'Universal Music Group', '1934-01-01 00:00:00', NULL),
(21, 'Columbia Records', '1887-01-01 00:00:00', NULL),
(22, 'Mosley Music Group', '2006-01-01 00:00:00', NULL),
(23, 'Electric and Musical Industries', '1931-03-01 00:00:00', NULL),
(24, 'Elektra Records', '1950-01-01 00:00:00', NULL),
(25, 'EMI', '1931-03-01 00:00:00', '2012-12-16 00:00:00'),
(26, 'Def Jam', '1984-03-01 00:00:00', NULL),
(27, 'Memory Music', '2000-01-01 00:00:00', NULL),
(28, 'Grade A Productions/Interscope records', '1989-01-01 00:00:00', NULL),
(29, 'Republic Records ', '1995-01-01 00:00:00', NULL),
(30, 'Westbury Road Entertainment', '2016-04-29 00:00:00', NULL),
(31, 'Atlantic Records', '1947-01-01 00:00:00', NULL),
(32, 'DOMINO RECORDS', '1993-01-01 00:00:00', NULL);

-- --------------------------------------------------------

--
-- Estrutura da tabela `INSTRUMENTOS`
--

CREATE TABLE `INSTRUMENTOS` (
  `INSCODIGO` int UNSIGNED NOT NULL,
  `INSNOME` varchar(50) DEFAULT NULL,
  `INSTIPO` tinyint DEFAULT NULL
) ENGINE=InnoDB DEFAULT CHARSET=utf8mb4;

--
-- Extraindo dados da tabela `INSTRUMENTOS`
--

INSERT INTO `INSTRUMENTOS` (`INSCODIGO`, `INSNOME`, `INSTIPO`) VALUES
(1, 'VOCAIS', NULL),
(2, 'GUITARRA', 1),
(3, 'BAIXO', 1),
(4, 'BATERIA', 3),
(5, 'TECLADO', 4),
(6, 'PIANO', 6),
(7, 'GLOCKENSPIEL', 3),
(8, 'PANDEIRO', 3),
(9, 'TAMBOR AFRICANO', 3),
(10, 'VIOLONCELO', 1),
(11, 'VIOLA', 1),
(12, 'BAIXO ELÉTRICO', 4),
(13, 'TAMBORIM', 3),
(14, 'DJ', 4);

-- --------------------------------------------------------

--
-- Estrutura da tabela `INTEGRANTES`
--

CREATE TABLE `INTEGRANTES` (
  `ITGBANDA` int UNSIGNED NOT NULL,
  `ITGARTISTA` int UNSIGNED NOT NULL,
  `ITGDTINICIO` datetime DEFAULT CURRENT_TIMESTAMP,
  `ITGDTTERMINO` datetime DEFAULT NULL,
  `ITGINSTRUMENTO` int UNSIGNED NOT NULL
) ENGINE=InnoDB DEFAULT CHARSET=utf8mb4;

--
-- Extraindo dados da tabela `INTEGRANTES`
--

INSERT INTO `INTEGRANTES` (`ITGBANDA`, `ITGARTISTA`, `ITGDTINICIO`, `ITGDTTERMINO`, `ITGINSTRUMENTO`) VALUES
(1, 9, '1994-01-01 00:00:00', NULL, 1),
(1, 10, '1995-01-01 00:00:00', NULL, 3),
(1, 11, '1997-01-01 00:00:00', NULL, 4),
(1, 12, '1999-01-01 00:00:00', NULL, 2),
(1, 13, '2005-01-01 00:00:00', NULL, 2),
(1, 14, '2005-01-01 00:00:00', NULL, 5),
(2, 15, '1994-01-01 00:00:00', NULL, 1),
(2, 16, '1994-01-01 00:00:00', NULL, 3),
(2, 17, '1994-01-01 00:00:00', NULL, 4),
(3, 1, '1960-01-01 00:00:00', '1970-01-01 00:00:00', 3),
(3, 2, '1960-01-01 00:00:00', '1970-01-01 00:00:00', 1),
(3, 3, '1960-01-01 00:00:00', '1970-01-01 00:00:00', 4),
(3, 4, '1960-01-01 00:00:00', '1970-01-01 00:00:00', 2),
(4, 19, '1994-01-01 00:00:00', NULL, 1),
(4, 20, '2001-01-01 00:00:00', NULL, 2),
(4, 21, '1994-01-01 00:00:00', NULL, 3),
(4, 22, '2006-01-01 00:00:00', NULL, 4),
(4, 23, '1994-01-01 00:00:00', NULL, 5),
(5, 24, '2002-01-01 00:00:00', NULL, 1),
(5, 25, '2002-01-01 00:00:00', NULL, 2),
(5, 26, '2005-01-01 00:00:00', NULL, 4),
(5, 27, '2007-01-01 00:00:00', NULL, 12),
(5, 28, '2002-01-01 00:00:00', NULL, 2),
(8, 29, '1970-01-01 00:00:00', '1995-01-01 00:00:00', 2),
(8, 30, '1970-01-01 00:00:00', '1991-01-01 00:00:00', 1),
(8, 31, '1970-01-01 00:00:00', '1995-01-01 00:00:00', 3),
(8, 32, '1970-01-01 00:00:00', '1995-01-01 00:00:00', 4),
(9, 33, '2012-07-18 00:00:00', '2016-12-19 00:00:00', 1),
(9, 35, '2012-07-19 00:00:00', '2018-03-21 00:00:00', 1),
(9, 36, '2012-07-20 00:00:00', '2018-03-22 00:00:00', 1),
(9, 44, '2012-07-21 00:00:00', '2018-03-23 00:00:00', 1),
(9, 45, '2012-07-17 00:00:00', '2018-03-19 00:00:00', 1),
(10, 65, '1996-01-01 00:00:00', '2017-12-17 00:00:00', 1),
(10, 67, '1996-01-01 00:00:00', '2017-12-17 00:00:00', 2),
(10, 68, '1996-01-01 00:00:00', '2017-12-17 00:00:00', 3),
(10, 69, '1996-01-01 00:00:00', '2017-12-17 00:00:00', 14),
(10, 74, '1999-01-01 00:00:00', '2017-12-17 00:00:00', 1),
(10, 75, '1996-01-01 00:00:00', '1998-01-01 00:00:00', 1),
(11, 76, '1987-01-01 00:00:00', '1994-04-08 00:00:00', 1),
(11, 77, '1987-01-01 00:00:00', '1994-04-08 00:00:00', 4),
(11, 78, '1987-01-01 00:00:00', '1988-01-01 00:00:00', 4),
(11, 79, '1988-01-01 00:00:00', '1990-01-01 00:00:00', 4),
(11, 80, '1988-01-01 00:00:00', '1990-01-01 00:00:00', 4),
(11, 81, '1989-01-01 00:00:00', '1989-01-01 00:00:00', 4),
(11, 82, '1990-01-01 00:00:00', '1989-01-01 00:00:00', 4),
(14, 83, '2008-01-01 00:00:00', NULL, 1),
(14, 84, '2009-01-01 00:00:00', NULL, 3),
(14, 85, '2009-01-01 00:00:00', NULL, 2),
(14, 86, '2011-01-01 00:00:00', NULL, 4),
(14, 87, '2008-01-01 00:00:00', '2011-01-01 00:00:00', 4),
(14, 88, '2009-01-01 00:00:00', '2011-01-01 00:00:00', 6),
(14, 89, '2011-01-01 00:00:00', '2012-01-01 00:00:00', 6),
(14, 90, '2008-01-01 00:00:00', '2009-01-01 00:00:00', 3),
(15, 34, '1984-01-01 00:00:00', NULL, 1),
(15, 46, '2012-01-01 00:00:00', NULL, 3),
(15, 47, '1984-01-01 00:00:00', NULL, 2),
(15, 48, '2005-01-01 00:00:00', NULL, 4),
(15, 49, '1987-01-01 00:00:00', NULL, 2),
(15, 50, '1984-01-01 00:00:00', '2005-01-01 00:00:00', 4),
(15, 51, '1984-01-01 00:00:00', '1984-01-01 00:00:00', 1),
(15, 52, '1984-01-01 00:00:00', '1985-01-01 00:00:00', 2),
(15, 53, '1986-01-01 00:00:00', '1986-01-01 00:00:00', 2),
(15, 54, '1986-01-01 00:00:00', '1986-01-01 00:00:00', 4),
(16, 55, '1997-01-01 00:00:00', NULL, 1),
(16, 56, '1997-01-01 00:00:00', NULL, 2),
(16, 57, '1997-01-01 00:00:00', '2010-01-01 00:00:00', 3),
(16, 58, '1997-01-01 00:00:00', '2000-01-01 00:00:00', 4),
(16, 59, '2000-01-01 00:00:00', NULL, 4),
(17, 60, '1998-01-01 00:00:00', NULL, 1),
(17, 61, '1998-01-01 00:00:00', NULL, 2),
(17, 62, '1998-01-01 00:00:00', NULL, 2),
(17, 63, '1998-01-01 00:00:00', NULL, 3),
(17, 64, '1998-01-01 00:00:00', NULL, 4),
(18, 95, '1992-01-01 00:00:00', '2013-03-06 00:00:00', 2),
(18, 97, '1992-01-01 00:00:00', '2013-01-01 00:00:00', 12),
(18, 98, '2005-01-01 00:00:00', '2011-01-01 00:00:00', 12),
(18, 99, '1992-01-01 00:00:00', '2013-01-01 00:00:00', 2),
(18, 100, '1993-01-01 00:00:00', '2013-01-01 00:00:00', 2),
(18, 101, '1992-01-01 00:00:00', '2005-01-01 00:00:00', 4),
(18, 102, '2005-01-01 00:00:00', '2008-01-01 00:00:00', 4),
(18, 103, '2008-01-01 00:00:00', '2013-01-01 00:00:00', 4),
(19, 121, '2011-01-01 00:00:00', NULL, 1),
(19, 122, '2011-01-01 00:00:00', NULL, 2),
(19, 123, '2011-01-02 00:00:00', NULL, 2),
(19, 124, '2011-01-03 00:00:00', NULL, 12),
(19, 125, '2011-01-01 00:00:00', NULL, 4),
(19, 126, '2011-01-01 00:00:00', '2014-01-01 00:00:00', 4),
(20, 131, '1983-01-01 00:00:00', NULL, 1),
(20, 132, '1983-01-01 00:00:00', NULL, 5),
(20, 133, '1983-01-01 00:00:00', NULL, 4),
(20, 134, '1983-01-01 00:00:00', NULL, 2),
(21, 136, '2002-01-01 00:00:00', NULL, 1),
(21, 137, '2002-01-01 00:00:00', NULL, 4),
(21, 138, '2002-01-01 00:00:00', NULL, 2),
(21, 139, '2002-01-01 00:00:00', NULL, 1),
(21, 140, '2011-01-01 00:00:00', NULL, 5);

-- --------------------------------------------------------

--
-- Estrutura da tabela `MIDIAS`
--

CREATE TABLE `MIDIAS` (
  `MDSCODIGO` int UNSIGNED NOT NULL,
  `MDSNOME` varchar(50) DEFAULT NULL,
  `MDSONLINE` tinyint(1) DEFAULT '0'
) ENGINE=InnoDB DEFAULT CHARSET=utf8mb4;

--
-- Extraindo dados da tabela `MIDIAS`
--

INSERT INTO `MIDIAS` (`MDSCODIGO`, `MDSNOME`, `MDSONLINE`) VALUES
(1, 'CD', 0),
(2, 'DVD', 0),
(3, 'VINIL', 0),
(4, 'Spotify', 1),
(5, 'LP', 1);

-- --------------------------------------------------------

--
-- Estrutura da tabela `MUSICAS`
--

CREATE TABLE `MUSICAS` (
  `MSCCODIGO` int UNSIGNED NOT NULL,
  `MSCNOME` varchar(200) DEFAULT NULL,
  `MSCDURACAO` time NOT NULL,
  `MSCGENERO` int UNSIGNED DEFAULT NULL,
  `MSCBANDA` int UNSIGNED DEFAULT NULL,
  `MSCARTISTA` int UNSIGNED DEFAULT NULL,
  `MSCLETRA` text,
  `MSCVIDEO` varchar(250) DEFAULT NULL,
  `MSCAUDIO` varchar(250) DEFAULT NULL
) ENGINE=InnoDB DEFAULT CHARSET=utf8mb4;

--
-- Extraindo dados da tabela `MUSICAS`
--

INSERT INTO `MUSICAS` (`MSCCODIGO`, `MSCNOME`, `MSCDURACAO`, `MSCGENERO`, `MSCBANDA`, `MSCARTISTA`, `MSCLETRA`, `MSCVIDEO`, `MSCAUDIO`) VALUES
(1, 'Sgt. Peppers Lonely Hearts Club Band', '02:02:00', 2, 3, NULL, NULL, NULL, NULL),
(2, 'With A Little Help From My Friends', '02:44:00', 2, 3, NULL, NULL, NULL, NULL),
(3, 'Lucy In The Sky With Diamonds', '03:28:00', 2, 3, NULL, NULL, NULL, NULL),
(4, 'Getting Better', '02:47:00', 2, 3, NULL, NULL, NULL, NULL),
(5, 'Fixing A Hole', '02:37:00', 2, 3, NULL, NULL, NULL, NULL),
(6, 'Shes Leaving Home', '03:23:00', 2, 3, NULL, NULL, NULL, NULL),
(7, 'Being For The Benefit Of Mr. Kite !', '02:35:00', 2, 3, NULL, NULL, NULL, NULL),
(8, 'Within You Without You', '05:06:00', 2, 3, NULL, NULL, NULL, NULL),
(9, 'When Im Sixty-Four', '02:38:00', 2, 3, NULL, NULL, NULL, NULL),
(10, 'Lovely Rita', '02:44:00', 2, 3, NULL, NULL, NULL, NULL),
(11, 'Good Morning Good Morning', '02:36:00', 2, 3, NULL, NULL, NULL, NULL),
(12, 'Sgt. Peppers Lonely Hearts Club Band (Reprise)', '01:19:00', 2, 3, NULL, NULL, NULL, NULL),
(13, 'A Day In The Life', '05:02:00', 2, 3, NULL, NULL, NULL, NULL),
(14, 'Sgt. Peppers Lonely Hearts Club Band', '02:02:00', 2, 3, NULL, NULL, NULL, NULL),
(15, 'With A Little Help From My Friends', '02:44:00', 2, 3, NULL, NULL, NULL, NULL),
(16, 'Lucy In The Sky With Diamonds', '03:28:00', 2, 3, NULL, NULL, NULL, NULL),
(17, 'Getting Better', '02:47:00', 2, 3, NULL, NULL, NULL, NULL),
(18, 'Fixing A Hole', '02:37:00', 2, 3, NULL, NULL, NULL, NULL),
(19, 'Shes Leaving Home', '03:23:00', 2, 3, NULL, NULL, NULL, NULL),
(20, 'Being For The Benefit Of Mr. Kite !', '02:35:00', 2, 3, NULL, NULL, NULL, NULL),
(21, 'Within You Without You', '05:06:00', 2, 3, NULL, NULL, NULL, NULL),
(22, 'When Im Sixty-Four', '02:38:00', 2, 3, NULL, NULL, NULL, NULL),
(23, 'Lovely Rita', '02:44:00', 2, 3, NULL, NULL, NULL, NULL),
(24, 'Good Morning Good Morning', '02:36:00', 2, 3, NULL, NULL, NULL, NULL),
(25, 'Sgt. Peppers Lonely Hearts Club Band (Reprise)', '01:19:00', 2, 3, NULL, NULL, NULL, NULL),
(26, 'A Day In The Life', '05:02:00', 2, 3, NULL, NULL, NULL, NULL),
(27, 'Changes', '03:33:00', 2, NULL, 6, NULL, NULL, NULL),
(28, 'Oh! You Pretty Things', '03:12:00', 2, NULL, 6, NULL, NULL, NULL),
(29, 'Eight Line Poem', '02:53:00', 2, NULL, 6, NULL, NULL, NULL),
(30, 'Life On Mars?', '03:48:00', 2, NULL, 6, NULL, NULL, NULL),
(31, 'Kooks', '02:49:00', 2, NULL, 6, NULL, NULL, NULL),
(32, 'Quicksand', '05:03:00', 2, NULL, 6, NULL, NULL, NULL),
(33, 'Fill Your Heart', '03:07:00', 2, NULL, 6, NULL, NULL, NULL),
(34, 'Andy Warhol', '03:53:00', 2, NULL, 6, NULL, NULL, NULL),
(35, 'Song For Bob Dylan', '04:12:00', 2, NULL, 6, NULL, NULL, NULL),
(36, 'Queen Bitch', '03:13:00', 2, NULL, 6, NULL, NULL, NULL),
(37, 'The Bewlay Brothers', '05:21:00', 2, NULL, 6, NULL, NULL, NULL),
(38, 'Funeral For A Friend', '11:08:00', 2, NULL, 5, NULL, NULL, NULL),
(39, 'Love Lies Bleeding', '05:43:00', 2, NULL, 5, NULL, NULL, NULL),
(40, 'Candle In The Wind', '03:50:00', 2, NULL, 5, NULL, NULL, NULL),
(41, 'Bennie And The Jets', '05:23:00', 2, NULL, 5, NULL, NULL, NULL),
(42, 'Goodbye Yellow Brick Road', '03:14:00', 2, NULL, 5, NULL, NULL, NULL),
(43, 'This Song Has No Title', '02:23:00', 2, NULL, 5, NULL, NULL, NULL),
(44, 'Grey Seal', '03:58:00', 2, NULL, 5, NULL, NULL, NULL),
(45, 'Jamaica Jerk-Off', '03:59:00', 2, NULL, 5, NULL, NULL, NULL),
(46, 'Ive Seen That Movie Too', '05:59:00', 2, NULL, 5, NULL, NULL, NULL),
(47, 'Sweet Painted Lady', '03:52:00', 2, NULL, 5, NULL, NULL, NULL),
(48, 'The Ballad Of Danny Bailey (1909-34)', '04:24:00', 2, NULL, 5, NULL, NULL, NULL),
(49, 'Dirty Little Girl', '05:01:00', 2, NULL, 5, NULL, NULL, NULL),
(50, 'All The Girls Love Alice', '05:08:00', 2, NULL, 5, NULL, NULL, NULL),
(51, 'Your Sister Cant Twist (But She Can Rock n Roll)', '02:42:00', 2, NULL, 5, NULL, NULL, NULL),
(52, 'Saturday Nights Alright For Fighting', '04:54:00', 2, NULL, 5, NULL, NULL, NULL),
(53, 'Roy Rogers', '04:08:00', 2, NULL, 5, NULL, NULL, NULL),
(54, 'Social Disease', '03:44:00', 2, NULL, 5, NULL, NULL, NULL),
(55, 'Harmony', '02:45:00', 2, NULL, 5, NULL, NULL, NULL),
(56, 'Foreword', '03:22:00', 1, 10, NULL, NULL, NULL, NULL),
(57, 'Don´t Stay', '03:07:00', 1, 10, NULL, NULL, NULL, NULL),
(58, 'Somewhere I Belong', '03:33:00', 1, 10, NULL, NULL, NULL, NULL),
(59, 'Lying from you ', '02:55:00', 1, 10, NULL, NULL, NULL, NULL),
(60, 'Hit the floor', '02:44:00', 1, 10, NULL, NULL, NULL, NULL),
(61, 'Easier to run', '03:24:00', 1, 10, NULL, NULL, NULL, NULL),
(62, 'Faint', '02:42:00', 1, 10, NULL, NULL, NULL, NULL),
(63, 'Figure.09', '03:17:00', 1, 10, NULL, NULL, NULL, NULL),
(64, 'Breacking th habit', '03:16:00', 1, 10, NULL, NULL, NULL, NULL),
(65, 'From inside ', '02:55:00', 1, 10, NULL, NULL, NULL, NULL),
(66, 'Nobody´s Listening ', '02:58:00', 1, 10, NULL, NULL, NULL, NULL),
(67, 'Session', '02:24:00', 1, 10, NULL, NULL, NULL, NULL),
(68, 'Numb', '03:07:00', 1, 10, NULL, NULL, NULL, NULL),
(69, 'Smells Like Teen Spirit', '05:01:00', 1, 11, NULL, NULL, NULL, NULL),
(70, 'In Bloom', '04:14:00', 1, 11, NULL, NULL, NULL, NULL),
(71, 'Come as You Are', '03:38:00', 1, 11, NULL, NULL, NULL, NULL),
(72, 'Breed', '03:03:00', 1, 11, NULL, NULL, NULL, NULL),
(73, 'Lithium', '04:16:00', 1, 11, NULL, NULL, NULL, NULL),
(74, 'Polly', '02:56:00', 1, 11, NULL, NULL, NULL, NULL),
(75, 'Territorial Pissings ', '02:23:00', 1, 11, NULL, NULL, NULL, NULL),
(76, 'Drain You ', '03:43:00', 1, 11, NULL, NULL, NULL, NULL),
(77, 'Lounge Act', '02:36:00', 1, 11, NULL, NULL, NULL, NULL),
(78, 'Stay Away', '03:32:00', 1, 11, NULL, NULL, NULL, NULL),
(79, 'On a Plain ', '03:16:00', 1, 11, NULL, NULL, NULL, NULL),
(80, 'Something in the Way ', '03:52:00', 1, 11, NULL, NULL, NULL, NULL),
(81, 'Endless, Nameless ', '06:44:00', 1, 11, NULL, NULL, NULL, NULL),
(82, 'I Don´t know Whay', '00:03:10', 5, 14, NULL, NULL, NULL, NULL),
(83, 'Whatever it Takes', '00:03:21', 5, 14, NULL, NULL, NULL, NULL),
(84, 'Biliever ', '00:03:24', 5, 14, NULL, NULL, NULL, NULL),
(85, 'Walking the Wire ', '00:03:52', 5, 14, NULL, NULL, NULL, NULL),
(86, 'Rise up', '00:03:51', 5, 14, NULL, NULL, NULL, NULL),
(87, 'I´ll Make It Up to You', '00:04:22', 5, 14, NULL, NULL, NULL, NULL),
(88, 'Yesterday', '00:03:25', 5, 14, NULL, NULL, NULL, NULL),
(89, 'Mouth of the River', '00:03:41', 5, 14, NULL, NULL, NULL, NULL),
(90, 'Thunder', '00:03:07', 5, 14, NULL, NULL, NULL, NULL),
(91, 'Start Over', '00:03:06', 5, 14, NULL, NULL, NULL, NULL),
(92, 'Dancing in the Dark', '00:03:53', 5, 14, NULL, NULL, NULL, NULL),
(93, 'This Love', '03:26:00', 5, 4, NULL, NULL, NULL, NULL),
(94, 'Payphone', '03:52:00', 5, 4, NULL, NULL, NULL, NULL),
(95, 'She will be loved', '04:18:00', 5, 4, NULL, NULL, NULL, NULL),
(96, 'One More Night', '03:43:00', 5, 4, NULL, NULL, NULL, NULL),
(97, 'Moves Like Jagger', '04:39:00', 5, 4, NULL, NULL, NULL, NULL),
(98, 'Wake Up Call', '03:51:00', 5, 4, NULL, NULL, NULL, NULL),
(99, 'Misery', '03:34:00', 5, 4, NULL, NULL, NULL, NULL),
(100, 'Maps', '03:29:00', 5, 4, NULL, NULL, NULL, NULL),
(101, 'Makes Me Wonder', '03:44:00', 5, 4, NULL, NULL, NULL, NULL),
(102, 'Animals', '04:41:00', 5, 4, NULL, NULL, NULL, NULL),
(103, 'Daylight', '03:56:00', 5, 4, NULL, NULL, NULL, NULL),
(104, 'Sugar', '05:02:00', 5, 4, NULL, NULL, NULL, NULL),
(105, 'Sunday Morning', '04:25:00', 5, 4, NULL, NULL, NULL, NULL),
(106, 'Will not Go Home Without You', '04:15:00', 5, 4, NULL, NULL, NULL, NULL),
(107, 'Best 4 You', '03:59:00', 5, 4, NULL, NULL, NULL, NULL),
(108, 'What Lovers Do (Feat. SZA)', '03:19:00', 5, 4, NULL, NULL, NULL, NULL),
(109, 'Wait', '03:10:00', 5, 4, NULL, NULL, NULL, NULL),
(110, 'Lips on You', '03:36:00', 5, 4, NULL, NULL, NULL, NULL),
(111, 'Bet My Heart', '03:16:00', 5, 4, NULL, NULL, NULL, NULL),
(112, 'Help Me Out (with. Julia Michaels)', '03:13:00', 5, 4, NULL, NULL, NULL, NULL),
(113, 'Who I Am (feat. LunchMoney Lewis)', '03:03:00', 5, 4, NULL, NULL, NULL, NULL),
(114, 'Whiskey (feat. A$AP Rocky)', '03:30:00', 5, 4, NULL, NULL, NULL, NULL),
(115, 'Girls Like You', '03:35:00', 5, 4, NULL, NULL, NULL, NULL),
(116, 'Closure', '11:28:00', 5, 4, NULL, NULL, NULL, NULL),
(118, 'Denim Jacket', '03:52:00', 5, 4, NULL, NULL, NULL, NULL),
(119, 'Visions', '03:50:00', 5, 4, NULL, NULL, NULL, NULL),
(120, 'Plastic Rose', '03:42:00', 5, 4, NULL, NULL, NULL, NULL),
(121, 'Do not Wanna Know (feat. Kendrick Lamar)', '03:34:00', 5, 4, NULL, NULL, NULL, NULL),
(122, 'Cold (feat. Future)', '06:50:00', 5, 4, NULL, NULL, NULL, NULL),
(123, 'Let it is Hurt Tonight', '03:14:00', 5, 5, NULL, NULL, NULL, NULL),
(124, 'Future Looks Good', '03:30:00', 5, 5, NULL, NULL, NULL, NULL),
(125, 'Oh My My(featuring Cassius)', '03:38:00', 5, 5, NULL, NULL, NULL, NULL),
(126, 'Kids', '03:58:00', 5, 5, NULL, NULL, NULL, NULL),
(127, 'Dream', '03:31:00', 5, 5, NULL, NULL, NULL, NULL),
(128, 'Choke', '03:46:00', 5, 5, NULL, NULL, NULL, NULL),
(129, 'A.I. (featuring Peter Gabriel)', '05:09:00', 5, 5, NULL, NULL, NULL, NULL),
(130, 'Better', '03:24:00', 5, 5, NULL, NULL, NULL, NULL),
(131, 'Born', '04:25:00', 5, 5, NULL, NULL, NULL, NULL),
(132, 'Fingertips', '04:15:00', 5, 5, NULL, NULL, NULL, NULL),
(133, 'Human  ', '03:40:00', 5, 5, NULL, NULL, NULL, NULL),
(134, 'Lift Me Up  ', '03:46:00', 5, 5, NULL, NULL, NULL, NULL),
(135, 'NbHD (featuring Santigold)', '03:44:00', 5, 5, NULL, NULL, NULL, NULL),
(136, 'Wherever I Go', '02:49:00', 5, 5, NULL, NULL, NULL, NULL),
(137, 'All These Things  ', '03:19:00', 5, 5, NULL, NULL, NULL, NULL),
(138, 'Heaven  ', '04:18:00', 5, 5, NULL, NULL, NULL, NULL),
(139, 'Counting Stars', '04:17:00', 5, 5, NULL, NULL, NULL, NULL),
(140, 'If I Lose Myself  ', '04:01:00', 5, 5, NULL, NULL, NULL, NULL),
(141, 'Feel Again ', '03:05:00', 5, 5, NULL, NULL, NULL, NULL),
(142, 'What You Wanted  ', '04:01:00', 5, 5, NULL, NULL, NULL, NULL),
(143, 'I Lived', '03:54:00', 5, 5, NULL, NULL, NULL, NULL),
(144, 'Light It Up  ', '04:10:00', 5, 5, NULL, NULL, NULL, NULL),
(145, 'Can not Stop  ', '04:09:00', 5, 5, NULL, NULL, NULL, NULL),
(146, 'Au Revoir', '04:50:00', 5, 5, NULL, NULL, NULL, NULL),
(147, 'Burning Bridges  ', '04:17:00', 5, 5, NULL, NULL, NULL, NULL),
(148, 'Something I Need', '04:01:00', 5, 5, NULL, NULL, NULL, NULL),
(149, 'Preacher  ', '04:08:00', 5, 5, NULL, NULL, NULL, NULL),
(150, 'Do not Look Down  ', '01:39:00', 5, 5, NULL, NULL, NULL, NULL),
(151, 'Death on Two Legs ', '03:43:00', 6, 6, NULL, NULL, NULL, NULL),
(152, 'Lazing on a Sunday Afternoon', '01:08:00', 6, 6, NULL, NULL, NULL, NULL),
(153, 'I am in Love with My Car', '03:05:00', 6, 6, NULL, NULL, NULL, NULL),
(154, 'You are My Best Friend', '02:50:00', 6, 6, NULL, NULL, NULL, NULL),
(155, '39', '03:30:00', 6, 6, NULL, NULL, NULL, NULL),
(156, 'Sweet Lady', '04:01:00', 6, 6, NULL, NULL, NULL, NULL),
(157, 'Seaside Rendezvous', '02:13:00', 6, 6, NULL, NULL, NULL, NULL),
(158, 'The Prophets Song', '08:21:00', 6, 6, NULL, NULL, NULL, NULL),
(159, 'Love of My Life', '03:38:00', 6, 6, NULL, NULL, NULL, NULL),
(160, 'Good Company', '03:26:00', 6, 6, NULL, NULL, NULL, NULL),
(161, 'Bohemian Rhapsody', '05:55:00', 6, 6, NULL, NULL, NULL, NULL),
(162, 'God Save the Queen (instrumental)', '01:11:00', 6, 6, NULL, NULL, NULL, NULL),
(163, 'Brighton Rock', '05:08:00', 6, 6, NULL, NULL, NULL, NULL),
(164, 'Killer Queen', '03:01:00', 6, 6, NULL, NULL, NULL, NULL),
(165, 'Tenement Funster  ', '02:48:00', 6, 6, NULL, NULL, NULL, NULL),
(166, 'Flick of the Wrist', '03:19:00', 6, 6, NULL, NULL, NULL, NULL),
(167, 'Lily of the Valley ', '01:43:00', 6, 6, NULL, NULL, NULL, NULL),
(168, 'Now I am Here', '04:10:00', 6, 6, NULL, NULL, NULL, NULL),
(169, 'In the Lap of the Gods', '03:20:00', 6, 6, NULL, NULL, NULL, NULL),
(170, 'Stone Cold Crazy ', '02:12:00', 6, 6, NULL, NULL, NULL, NULL),
(171, 'Dear Friends  ', '01:07:00', 6, 6, NULL, NULL, NULL, NULL),
(172, 'Misfire', '01:50:00', 6, 6, NULL, NULL, NULL, NULL),
(173, 'Bring Back That Leroy Brown', '02:13:00', 6, 6, NULL, NULL, NULL, NULL),
(174, 'She Makes Me', '04:08:00', 6, 6, NULL, NULL, NULL, NULL),
(175, 'In the Lap of the God  ', '03:42:00', 6, 6, NULL, NULL, NULL, NULL),
(176, 'Mustapha', '03:03:00', 6, 6, NULL, NULL, NULL, NULL),
(177, 'Fat Bottomed Girls', '04:14:00', 6, 6, NULL, NULL, NULL, NULL),
(178, 'Jealousy', '03:14:00', 6, 6, NULL, NULL, NULL, NULL),
(179, 'Bicycle Race', '03:04:00', 6, 6, NULL, NULL, NULL, NULL),
(180, 'If You Can not Beat Them', '04:15:00', 6, 6, NULL, NULL, NULL, NULL),
(181, 'Let Me Entertain You', '03:01:00', 6, 6, NULL, NULL, NULL, NULL),
(182, 'Dead on Time', '03:23:00', 6, 6, NULL, NULL, NULL, NULL),
(183, 'In Only Seven Days', '02:30:00', 6, 6, NULL, NULL, NULL, NULL),
(184, 'Dreamers Ball', '03:30:00', 6, 6, NULL, NULL, NULL, NULL),
(185, 'Fun It', '03:29:00', 6, 6, NULL, NULL, NULL, NULL),
(186, 'Leaving Home it is not Easy', '03:15:00', 6, 6, NULL, NULL, NULL, NULL),
(187, 'Do not Stop Me Now', '03:29:00', 6, 6, NULL, NULL, NULL, NULL),
(188, 'More of That Jazz', '04:12:00', 6, 6, NULL, NULL, NULL, NULL),
(211, 'Closure', '11:28:00', 5, 4, NULL, NULL, NULL, NULL),
(212, 'Sacred Worlds ', '00:09:17', 2, 15, NULL, NULL, NULL, NULL),
(213, 'Tanelorn ', '00:05:58', 2, 15, NULL, NULL, NULL, NULL),
(214, 'Road of No Release ', '00:06:30', 2, 15, NULL, NULL, NULL, NULL),
(215, 'Ride into Obsession ', '00:04:46', 2, 15, NULL, NULL, NULL, NULL),
(216, 'Curse My Name', '00:05:52', 2, 15, NULL, NULL, NULL, NULL),
(217, 'Valkyries', '00:06:38', 2, 15, NULL, NULL, NULL, NULL),
(218, 'Control the Divine', '00:05:26', 2, 15, NULL, NULL, NULL, NULL),
(219, 'War of the Thrones (versão piano)  ', '00:04:55', 2, 15, NULL, NULL, NULL, NULL),
(220, 'A Voice in the Dark ', '00:05:41', 2, 15, NULL, NULL, NULL, NULL),
(221, 'Wheel of Time', '00:08:55', 2, 15, NULL, NULL, NULL, NULL),
(222, 'Time What Is Time', '00:05:42', 2, 15, NULL, NULL, NULL, NULL),
(223, 'Journey Through the Dark', '00:04:45', 2, 15, NULL, NULL, NULL, NULL),
(224, 'Sacred Worlds ', '00:09:17', 2, 15, NULL, NULL, NULL, NULL),
(225, 'Tanelorn ', '00:05:58', 2, 15, NULL, NULL, NULL, NULL),
(226, 'Road of No Release ', '00:06:30', 2, 15, NULL, NULL, NULL, NULL),
(227, 'Ride into Obsession ', '00:04:46', 2, 15, NULL, NULL, NULL, NULL),
(228, 'Curse My Name', '00:05:52', 2, 15, NULL, NULL, NULL, NULL),
(229, 'Valkyries', '00:06:38', 2, 15, NULL, NULL, NULL, NULL),
(230, 'Control the Divine', '00:05:26', 2, 15, NULL, NULL, NULL, NULL),
(231, 'War of the Thrones (versão piano)  ', '00:04:55', 2, 15, NULL, NULL, NULL, NULL),
(232, 'A Voice in the Dark ', '00:05:41', 2, 15, NULL, NULL, NULL, NULL),
(233, 'Wheel of Time', '00:08:55', 2, 15, NULL, NULL, NULL, NULL),
(234, 'Time What Is Time', '00:05:42', 2, 15, NULL, NULL, NULL, NULL),
(235, 'Journey Through the Dark', '00:04:45', 2, 15, NULL, NULL, NULL, NULL),
(236, 'Black Chamber', '00:00:56', 2, 15, NULL, NULL, NULL, NULL),
(237, 'Theatre of Pain', '00:04:15', 2, 15, NULL, NULL, NULL, NULL),
(238, 'The Quest for Tanelorn', '00:05:53', 2, 15, NULL, NULL, NULL, NULL),
(239, 'Ashes to Ashes', '00:05:58', 2, 15, NULL, NULL, NULL, NULL),
(240, 'The Bards Song – In the Forest', '00:03:09', 2, 15, NULL, NULL, NULL, NULL),
(241, 'The Bards Song – The Hobbit', '00:03:52', 2, 15, NULL, NULL, NULL, NULL),
(242, 'The Pipers Calling', '00:00:58', 2, 15, NULL, NULL, NULL, NULL),
(243, 'Somewhere Far Beyond', '00:07:28', 2, 15, NULL, NULL, NULL, NULL),
(244, 'The Adults are Talking  ', '00:05:09', 2, 17, NULL, NULL, NULL, NULL),
(245, 'Selfless  ', '00:03:42', 2, 17, NULL, NULL, NULL, NULL),
(246, 'Brooklyn Bridge to Chorus  ', '00:03:55', 2, 17, NULL, NULL, NULL, NULL),
(247, 'Bad Decisions  ', '00:04:53', 2, 17, NULL, NULL, NULL, NULL),
(248, 'Eternal Summer  ', '00:06:15', 2, 17, NULL, NULL, NULL, NULL),
(249, 'At the Door  ', '00:05:10', 2, 17, NULL, NULL, NULL, NULL),
(250, 'Why Sundays Are So Depressing  ', '00:04:35', 2, 17, NULL, NULL, NULL, NULL),
(251, 'Not the Same Anymore  ', '00:05:37', 2, 17, NULL, NULL, NULL, NULL),
(252, 'Ode to the Mets  ', '00:05:51', 2, 17, NULL, NULL, NULL, NULL),
(253, 'Pioneer to the Falls  ', '00:05:41', 2, 16, NULL, NULL, NULL, NULL),
(254, 'No I in Threesome  ', '00:03:51', 2, 16, NULL, NULL, NULL, NULL),
(255, 'The Scale  ', '00:03:31', 2, 16, NULL, NULL, NULL, NULL),
(256, 'The Heinrich Maneuver  ', '00:03:35', 2, 16, NULL, NULL, NULL, NULL),
(257, 'Mammoth  ', '00:04:19', 2, 16, NULL, NULL, NULL, NULL),
(258, 'Pace Is the Trick  ', '00:04:43', 2, 16, NULL, NULL, NULL, NULL),
(259, 'All Fired Up  ', '00:03:35', 2, 16, NULL, NULL, NULL, NULL),
(260, 'Rest My Chemistry  ', '00:05:00', 2, 16, NULL, NULL, NULL, NULL),
(261, 'Who Do You Think  ', '00:03:12', 2, 16, NULL, NULL, NULL, NULL),
(262, 'Wrecking Ball  ', '00:04:33', 2, 16, NULL, NULL, NULL, NULL),
(263, 'The Lighthouse  ', '00:05:25', 2, 16, NULL, NULL, NULL, NULL),
(264, 'Malabarizando (Quem É De Fé Continua Com A Gente)', '00:01:40', 15, 18, NULL, NULL, NULL, NULL),
(265, 'Champanhe E Água Benta\r\n', '00:02:31', 15, 18, NULL, NULL, NULL, NULL),
(266, 'Tamo Ai Na Atividade\r\n', '00:03:39', 15, 18, NULL, NULL, NULL, NULL),
(267, 'Eu Vim De Santos Sou Charlie Brown', '00:04:06', 15, 18, NULL, NULL, NULL, NULL),
(268, 'So Far Away', '00:02:21', 15, 18, NULL, NULL, NULL, NULL),
(269, 'Longe De Você', '00:03:22', 15, 18, NULL, NULL, NULL, NULL),
(270, 'Di-Sk8 Eu Vim', '00:01:18', 15, 18, NULL, NULL, NULL, NULL),
(271, 'Di-Sk8 Eu Vou', '00:03:21', 15, 18, NULL, NULL, NULL, NULL),
(272, 'Vivendo Nesse Absurdo', '00:04:33', 15, 18, NULL, NULL, NULL, NULL),
(273, 'Todos Iguais', '00:04:03', 15, 18, NULL, NULL, NULL, NULL),
(274, 'Cheirando Cola', '00:01:34', 15, 18, NULL, NULL, NULL, NULL),
(275, 'O Errado Que Deu Certo', '00:02:50', 15, 18, NULL, NULL, NULL, NULL),
(276, 'Malokero Sk8 Board', '00:02:09', 15, 18, NULL, NULL, NULL, NULL),
(277, 'Indicados Para O Prêmio Nobel Da Paz', '00:02:06', 15, 18, NULL, NULL, NULL, NULL),
(278, 'Lixo E O Luxo', '00:02:43', 15, 18, NULL, NULL, NULL, NULL),
(279, 'Africa Unite (Live)', '00:04:54', 21, NULL, 104, NULL, NULL, NULL),
(280, 'Wake Up And Live (Live)', '00:10:49', 21, NULL, 104, NULL, NULL, NULL),
(281, 'I Shot The Sheriff (Live)', '00:05:11', 21, NULL, 104, NULL, NULL, NULL),
(282, 'Is This Love (Live)', '00:03:41', 21, NULL, 104, NULL, NULL, NULL),
(283, 'The Heathen (Live)', '00:06:30', 21, NULL, 104, NULL, NULL, NULL),
(284, 'Concrete Jungle (Live)', '00:05:23', 21, NULL, 104, NULL, NULL, NULL),
(285, 'Positive Vibrations (Live)', '00:03:31', 21, NULL, 104, NULL, NULL, NULL),
(286, 'So Much Things To Say (Live)', '00:03:53', 21, NULL, 104, NULL, NULL, NULL),
(287, 'Ambush In The Night (Live)', '00:04:08', 21, NULL, 104, NULL, NULL, NULL),
(288, 'Ride Natty Ride (Live)', '00:04:32', 21, NULL, 104, NULL, NULL, NULL),
(289, 'One Drop (Live)', '00:04:24', 21, NULL, 104, NULL, NULL, NULL),
(290, 'Intro', '00:01:40', 7, NULL, 105, NULL, NULL, NULL),
(291, 'If I Die 2Nite', '00:04:01', 7, NULL, 105, NULL, NULL, NULL),
(292, 'Me Against the World', '00:04:40', 7, NULL, 105, NULL, NULL, NULL),
(293, 'So Many Tears', '00:03:59', 7, NULL, 105, NULL, NULL, NULL),
(294, 'Temptations', '00:05:00', 7, NULL, 105, NULL, NULL, NULL),
(295, 'Young Niggaz', '00:04:53', 7, NULL, 105, NULL, NULL, NULL),
(296, 'Heavy in the Game', '00:04:23', 7, NULL, 105, NULL, NULL, NULL),
(297, 'Lord Knows', '00:04:31', 7, NULL, 105, NULL, NULL, NULL),
(298, 'Dear Mama', '00:04:40', 7, NULL, 105, NULL, NULL, NULL),
(299, 'It Ain it Easy', '00:04:53', 7, NULL, 105, NULL, NULL, NULL),
(300, 'Can U Get Away', '00:05:45', 7, NULL, 105, NULL, NULL, NULL),
(301, 'Old School', '00:04:40', 7, NULL, 105, NULL, NULL, NULL),
(302, 'Fuck the World', '00:04:13', 7, NULL, 105, NULL, NULL, NULL),
(303, 'Death Around the Corner', '00:04:07', 7, NULL, 105, NULL, NULL, NULL),
(304, 'Outlaw', '00:04:32', 7, NULL, 105, NULL, NULL, NULL),
(355, 'Empty', '04:08:00', 22, NULL, 116, NULL, NULL, NULL),
(356, 'Maze', '03:07:00', 22, NULL, 116, NULL, NULL, NULL),
(357, 'HeMotions', '01:35:00', 22, NULL, 116, NULL, NULL, NULL),
(358, 'Demonz (Interlude)', '03:28:00', 22, NULL, 116, NULL, NULL, NULL),
(359, 'Fast', '03:09:00', 22, NULL, 116, NULL, NULL, NULL),
(360, 'Hear Me Calling', '03:44:00', 22, NULL, 116, NULL, NULL, NULL),
(361, 'Big', '04:00:00', 22, NULL, 116, NULL, NULL, NULL),
(362, 'Robbery', '03:38:00', 22, NULL, 116, NULL, NULL, NULL),
(363, 'Flaws and Sins', '03:21:00', 22, NULL, 116, NULL, NULL, NULL),
(364, 'Feeling', '02:11:00', 22, NULL, 116, NULL, NULL, NULL),
(365, 'Syphilis', '03:34:00', 22, NULL, 116, NULL, NULL, NULL),
(366, 'Who Shot Cupid?', '02:51:00', 22, NULL, 116, NULL, NULL, NULL),
(367, 'Ring Ring', '03:09:00', 22, NULL, 116, NULL, NULL, NULL),
(368, 'Desire', '02:36:00', 22, NULL, 116, NULL, NULL, NULL),
(369, 'Out My Way', '05:25:00', 22, NULL, 116, NULL, NULL, NULL),
(370, 'The Bees Knees', '04:10:00', 22, NULL, 116, NULL, NULL, NULL),
(371, 'On God', '03:20:00', 22, NULL, 116, NULL, NULL, NULL),
(372, '10 Feet', '03:08:00', 22, NULL, 116, NULL, NULL, NULL),
(373, 'Rider', '03:12:00', 22, NULL, 116, NULL, NULL, NULL),
(374, 'Booty Call (Skit)', '00:56:00', 22, NULL, 116, NULL, NULL, NULL),
(375, 'Maybe', '02:54:00', 22, NULL, 117, NULL, NULL, NULL),
(376, 'Wrong', '03:03:00', 22, NULL, 117, NULL, NULL, NULL),
(377, 'I Wish', '02:05:00', 22, NULL, 117, NULL, NULL, NULL),
(378, 'Not Fair', '02:46:00', 22, NULL, 117, NULL, NULL, NULL),
(379, 'Bathroom (Skit)', '00:24:00', 22, NULL, 117, NULL, NULL, NULL),
(380, 'Go', '03:01:00', 22, NULL, 117, NULL, NULL, NULL),
(381, 'Tell Me Why', '03:15:00', 22, NULL, 117, NULL, NULL, NULL),
(382, 'Same Thing', '02:04:00', 22, NULL, 117, NULL, NULL, NULL),
(383, 'New Guy (Skit)', '00:21:00', 22, NULL, 117, NULL, NULL, NULL),
(384, 'Erase U', '02:49:00', 22, NULL, 117, NULL, NULL, NULL),
(385, 'Running', '02:15:00', 22, NULL, 117, NULL, NULL, NULL),
(386, 'Wish You Well (Skit)', '00:35:00', 22, NULL, 117, NULL, NULL, NULL),
(387, 'Need You Most (So Sick)', '02:15:00', 22, NULL, 117, NULL, NULL, NULL),
(388, 'Selfish', '03:16:00', 22, NULL, 117, NULL, NULL, NULL),
(389, 'Ransom', '02:11:00', 22, NULL, 119, NULL, NULL, NULL),
(390, 'Shots', '01:49:00', 22, NULL, 119, NULL, NULL, NULL),
(391, 'Sidenote', '02:37:00', 22, NULL, 119, NULL, NULL, NULL),
(392, 'Did It Again', '01:56:00', 22, NULL, 119, NULL, NULL, NULL),
(393, 'Out of Luck', '02:43:00', 22, NULL, 119, NULL, NULL, NULL),
(394, 'Left, Right', '02:34:00', 22, NULL, 119, NULL, NULL, NULL),
(395, 'Bossanova', '02:03:00', 22, NULL, 119, NULL, NULL, NULL),
(396, 'Amigo', '02:30:00', 22, NULL, 119, NULL, NULL, NULL),
(397, 'Glo Up', '01:54:00', 22, NULL, 119, NULL, NULL, NULL),
(398, 'Phenom', '03:22:00', 22, NULL, 119, NULL, NULL, NULL),
(399, 'Weatherman', '02:52:00', 22, NULL, 119, NULL, NULL, NULL),
(400, 'DUI', '02:14:00', 22, NULL, 119, NULL, NULL, NULL),
(401, 'Love Me', '01:56:00', 22, NULL, 119, NULL, NULL, NULL),
(402, 'Molly Girl', '01:57:00', 22, NULL, 119, NULL, NULL, NULL),
(403, 'The Score', '02:08:00', 22, NULL, 119, NULL, NULL, NULL),
(404, 'Senorita', '02:15:00', 22, NULL, 119, NULL, NULL, NULL),
(405, 'Empty', '04:08:00', 22, NULL, 116, NULL, NULL, NULL),
(406, 'Maze', '03:07:00', 22, NULL, 116, NULL, NULL, NULL),
(407, 'HeMotions', '01:35:00', 22, NULL, 116, NULL, NULL, NULL),
(408, 'Demonz (Interlude)', '03:28:00', 22, NULL, 116, NULL, NULL, NULL),
(409, 'Fast', '03:09:00', 22, NULL, 116, NULL, NULL, NULL),
(410, 'Hear Me Calling', '03:44:00', 22, NULL, 116, NULL, NULL, NULL),
(411, 'Big', '04:00:00', 22, NULL, 116, NULL, NULL, NULL),
(412, 'Robbery', '03:38:00', 22, NULL, 116, NULL, NULL, NULL),
(413, 'Flaws and Sins', '03:21:00', 22, NULL, 116, NULL, NULL, NULL),
(414, 'Feeling', '02:11:00', 22, NULL, 116, NULL, NULL, NULL),
(415, 'Syphilis', '03:34:00', 22, NULL, 116, NULL, NULL, NULL),
(416, 'Who Shot Cupid?', '02:51:00', 22, NULL, 116, NULL, NULL, NULL),
(417, 'Ring Ring', '03:09:00', 22, NULL, 116, NULL, NULL, NULL),
(418, 'Desire', '02:36:00', 22, NULL, 116, NULL, NULL, NULL),
(419, 'Out My Way', '05:25:00', 22, NULL, 116, NULL, NULL, NULL),
(420, 'The Bees Knees', '04:10:00', 22, NULL, 116, NULL, NULL, NULL),
(421, 'On God', '03:20:00', 22, NULL, 116, NULL, NULL, NULL),
(422, '10 Feet', '03:08:00', 22, NULL, 116, NULL, NULL, NULL),
(423, 'Wont Let Go', '03:12:00', 22, NULL, 116, NULL, NULL, NULL),
(424, 'Shes the One', '02:22:00', 22, NULL, 116, NULL, NULL, NULL),
(425, 'Rider', '03:12:00', 22, NULL, 116, NULL, NULL, NULL),
(426, 'Booty Call (Skit)', '00:56:00', 22, NULL, 116, NULL, NULL, NULL),
(427, 'Maybe', '02:54:00', 22, NULL, 117, NULL, NULL, NULL),
(428, 'Wrong', '03:03:00', 22, NULL, 117, NULL, NULL, NULL),
(429, 'I Wish', '02:05:00', 22, NULL, 117, NULL, NULL, NULL),
(430, 'Not Fair', '02:46:00', 22, NULL, 117, NULL, NULL, NULL),
(431, 'Bathroom (Skit)', '00:24:00', 22, NULL, 117, NULL, NULL, NULL),
(432, 'Go', '03:01:00', 22, NULL, 117, NULL, NULL, NULL),
(433, 'Tell Me Why', '03:15:00', 22, NULL, 117, NULL, NULL, NULL),
(434, 'Same Thing', '02:04:00', 22, NULL, 117, NULL, NULL, NULL),
(435, 'New Guy (Skit)', '00:21:00', 22, NULL, 117, NULL, NULL, NULL),
(436, 'Erase U', '02:49:00', 22, NULL, 117, NULL, NULL, NULL),
(437, 'Running', '02:15:00', 22, NULL, 117, NULL, NULL, NULL),
(438, 'Wish You Well (Skit)', '00:35:00', 22, NULL, 117, NULL, NULL, NULL),
(439, 'Need You Most (So Sick)', '02:15:00', 22, NULL, 117, NULL, NULL, NULL),
(440, 'Selfish', '03:16:00', 22, NULL, 117, NULL, NULL, NULL),
(441, 'Ransom', '02:11:00', 22, NULL, 119, NULL, NULL, NULL),
(442, 'Shots', '01:49:00', 22, NULL, 119, NULL, NULL, NULL),
(443, 'Sidenote', '02:37:00', 22, NULL, 119, NULL, NULL, NULL),
(444, 'Did It Again', '01:56:00', 22, NULL, 119, NULL, NULL, NULL),
(445, 'Out of Luck', '02:43:00', 22, NULL, 119, NULL, NULL, NULL),
(446, 'Left, Right', '02:34:00', 22, NULL, 119, NULL, NULL, NULL),
(447, 'Bossanova', '02:03:00', 22, NULL, 119, NULL, NULL, NULL),
(448, 'Amigo', '02:30:00', 22, NULL, 119, NULL, NULL, NULL),
(449, 'Glo Up', '01:54:00', 22, NULL, 119, NULL, NULL, NULL),
(450, 'Phenom', '03:22:00', 22, NULL, 119, NULL, NULL, NULL),
(451, 'Weatherman', '02:52:00', 22, NULL, 119, NULL, NULL, NULL),
(452, 'DUI', '02:14:00', 22, NULL, 119, NULL, NULL, NULL),
(453, 'Love Me', '01:56:00', 22, NULL, 119, NULL, NULL, NULL),
(454, 'Molly Girl', '01:57:00', 22, NULL, 119, NULL, NULL, NULL),
(455, 'The Score', '02:08:00', 22, NULL, 119, NULL, NULL, NULL),
(456, 'Senorita', '02:15:00', 22, NULL, 119, NULL, NULL, NULL),
(457, 'Count Me Out', '02:54:00', 22, NULL, 119, NULL, NULL, NULL),
(458, 'Ransom (Remix)', '02:51:00', 22, NULL, 119, NULL, NULL, NULL),
(459, '\"Still\"', '00:03:40', 11, NULL, 7, NULL, NULL, NULL),
(460, '\"Loving You\"  ', '00:03:45', 11, NULL, 7, NULL, NULL, NULL),
(461, '\"Loving You\"  ', '00:03:45', 11, NULL, 7, NULL, NULL, NULL),
(462, '\"The One\"  ', '00:03:36', 11, NULL, 7, NULL, NULL, NULL),
(463, '\"Dear Ben\"  ', '00:03:14', 11, NULL, 7, NULL, NULL, NULL),
(464, '\"All I Have\" ', '00:04:14', 11, NULL, 7, NULL, NULL, NULL),
(465, '\"Jenny from the Block\" ', '00:03:08', 7, NULL, 7, NULL, NULL, NULL),
(466, '\"Again\"  ', '00:05:47', 11, NULL, 7, NULL, NULL, NULL),
(467, '\"You Belong to Me\"  ', '00:03:30', 11, NULL, 7, NULL, NULL, NULL),
(468, '\"Again\" ', '00:05:47', 11, NULL, 7, NULL, NULL, NULL),
(469, '\"You Belong to Me\"  ', '00:03:30', 11, NULL, 7, NULL, NULL, NULL),
(470, '\"Again\" ', '00:05:47', 11, NULL, 7, NULL, NULL, NULL),
(471, '\"You Belong to Me\"  ', '00:03:30', 11, NULL, 7, NULL, NULL, NULL),
(472, '\"You Belong to Me\"  ', '00:03:30', 11, NULL, 7, NULL, NULL, NULL),
(473, '\"You Belong to Me\"  ', '00:03:30', 11, NULL, 7, NULL, NULL, NULL),
(474, '\"Again\"  ', '00:05:47', 11, NULL, 7, NULL, NULL, NULL),
(475, '\"You Belong to Me\"  ', '00:03:30', 11, NULL, 7, NULL, NULL, NULL),
(476, '\"I´ve Been Thinkin\"  ', '00:04:41', 11, NULL, 7, NULL, NULL, NULL),
(477, '\"Baby I Love U!\"  ', '00:04:43', 11, NULL, 7, NULL, NULL, NULL),
(478, '\"Get Right\"  ', '00:03:45', 5, NULL, 7, NULL, NULL, NULL),
(479, '\"Step Into My World\"  ', '00:04:05', 11, NULL, 7, NULL, NULL, NULL),
(480, '\"Hold You Down”', '00:04:32', 11, NULL, 7, NULL, NULL, NULL),
(481, '\"Whatever You Wanna Do\"  ', '00:03:49', 5, NULL, 7, NULL, NULL, NULL),
(482, '\"Cherry Pie\"  ', '00:04:06', 5, NULL, 7, NULL, NULL, NULL),
(483, '\"I Got U\"  ', '00:03:57', 11, NULL, 7, NULL, NULL, NULL),
(484, '\"Still Around\"  ', '00:03:22', 5, NULL, 7, NULL, NULL, NULL),
(485, '\"Ryde or Die\"  ', '00:04:03', 5, NULL, 7, NULL, NULL, NULL),
(486, '\"I, Love\"  ', '00:03:42', 11, NULL, 7, NULL, NULL, NULL),
(487, '\"He´ll Be Back\"  ', '00:04:18', 11, NULL, 7, NULL, NULL, NULL),
(488, '\"On the Floor\" ', '00:04:44', 5, NULL, 7, NULL, NULL, NULL),
(489, '\"Good Hit\"  ', '00:04:04', 5, NULL, 7, NULL, NULL, NULL),
(490, '\"I´m Into You\"', '00:03:20', 5, NULL, 7, NULL, NULL, NULL),
(491, '\"(What Is) Love?\"  ', '00:04:26', 5, NULL, 7, NULL, NULL, NULL),
(492, '\"Run the World\"  ', '00:03:55', 5, NULL, 7, NULL, NULL, NULL),
(493, '\"Papi\"  ', '00:03:43', 5, NULL, 7, NULL, NULL, NULL),
(494, '\"Until It Beats No More\" ', '00:03:52', 5, NULL, 7, NULL, NULL, NULL),
(495, '\"One Love\"  ', '00:03:54', 5, NULL, 7, NULL, NULL, NULL),
(496, '\"Invading My Mind\"  ', '00:03:20', 5, NULL, 7, NULL, NULL, NULL),
(497, '\"Villain\"  ', '00:04:03', 5, NULL, 7, NULL, NULL, NULL),
(498, '\"Starting Over\"  ', '00:04:02', 5, NULL, 7, NULL, NULL, NULL),
(499, '\"Hypnotico\" (faixa bónus)', '00:03:35', 5, NULL, 7, NULL, NULL, NULL),
(500, '\"Top Down\"  ', '00:03:40', 5, 9, NULL, NULL, NULL, NULL),
(501, '\"Boss\"  ', '00:02:51', 5, 9, NULL, NULL, NULL, NULL),
(502, '\"Sledgehammer\"  ', '00:03:52', 5, 9, NULL, NULL, NULL, NULL),
(503, '\"Worth It\" (com Kid Ink)', '00:03:44', 5, 9, NULL, NULL, NULL, NULL),
(504, '\"This Is How We Roll\"  ', '00:04:24', 5, 9, NULL, NULL, NULL, NULL),
(505, '\"Everlasting Love\"  ', '00:03:04', 5, 9, NULL, NULL, NULL, NULL),
(506, '\"Like Mariah\" (com Tyga)', '00:03:28', 5, 9, NULL, NULL, NULL, NULL),
(507, '\"Them Girls Be Like\"  ', '00:02:42', 5, 9, NULL, NULL, NULL, NULL),
(508, '\"Reflection\"  ', '00:03:08', 5, 9, NULL, NULL, NULL, NULL),
(509, '\"Suga Mama\"  ', '00:03:39', 5, 9, NULL, NULL, NULL, NULL),
(510, '\"We Know\"  ', '00:02:57', 5, 9, NULL, NULL, NULL, NULL),
(511, '\"That´s My Girl\"  ', '00:03:24', 5, 9, NULL, NULL, NULL, NULL),
(512, '\"Work from Home\" (com Ty Dolla $ign)', '00:03:34', 5, 9, NULL, NULL, NULL, NULL),
(513, '\"The Life\"  ', '00:03:20', 5, 9, NULL, NULL, NULL, NULL),
(514, '\"Write On Me\"  ', '00:03:39', 5, 9, NULL, NULL, NULL, NULL),
(515, '\"I Lied\"  ', '00:03:23', 5, 9, NULL, NULL, NULL, NULL),
(516, '\"All in My Head (Flex)\" (com Fetty Wap)', '00:03:30', 5, 9, NULL, NULL, NULL, NULL),
(517, '\"Squeeze\"  ', '00:03:33', 5, 9, NULL, NULL, NULL, NULL),
(518, '\"Gonna Get Better\"  ', '00:03:36', 5, 9, NULL, NULL, NULL, NULL),
(519, '\"Scared of Happy\"  ', '00:03:23', 5, 9, NULL, NULL, NULL, NULL),
(520, '\"Not That Kinda Girl\" ', '00:03:11', 5, 9, NULL, NULL, NULL, NULL),
(521, '\"Down\" (com Gucci Mane)', '00:02:44', 5, 9, NULL, NULL, NULL, NULL),
(522, '\"He Like That\"  ', '00:03:37', 5, 9, NULL, NULL, NULL, NULL),
(523, '\"Sauced Up\"  ', '00:03:18', 5, 9, NULL, NULL, NULL, NULL),
(524, '\"Make You Mad\"  ', '00:02:54', 5, 9, NULL, NULL, NULL, NULL),
(525, '\"Deliver\"  ', '00:03:26', 5, 9, NULL, NULL, NULL, NULL),
(526, '\"Sauced Up\"  ', '00:03:18', 5, 9, NULL, NULL, NULL, NULL),
(527, '\"Make You Mad\"  ', '00:02:54', 5, 9, NULL, NULL, NULL, NULL),
(528, '\"Deliver\"  ', '00:03:26', 5, 9, NULL, NULL, NULL, NULL),
(529, '\"Sauced Up\"  ', '00:03:18', 5, 9, NULL, NULL, NULL, NULL),
(530, '\"Make You Mad\"  ', '00:02:54', 5, 9, NULL, NULL, NULL, NULL),
(531, '\"Deliver\"  ', '00:03:26', 5, 9, NULL, NULL, NULL, NULL),
(532, '\"Make You Mad\"  ', '00:02:54', 5, 9, NULL, NULL, NULL, NULL),
(533, '\"Deliver\"  ', '00:03:26', 5, 9, NULL, NULL, NULL, NULL),
(534, '\"Sauced Up\"  ', '00:03:18', 5, 9, NULL, NULL, NULL, NULL),
(535, '\"Make You Mad\"  ', '00:02:54', 5, 9, NULL, NULL, NULL, NULL),
(536, '\"Deliver\"  ', '00:03:26', 5, 9, NULL, NULL, NULL, NULL),
(537, '\"Lonely Night\"  ', '00:03:25', 11, 9, NULL, NULL, NULL, NULL),
(538, '\"Don´t Say You Love Me\"  ', '00:03:13', 11, 9, NULL, NULL, NULL, NULL),
(539, '\"Angel\"  ', '00:03:09', 5, 9, NULL, NULL, NULL, NULL),
(540, '\"Messy\"  ', '00:03:14', 11, 9, NULL, NULL, NULL, NULL),
(541, '\"Bridges\"  ', '00:02:54', 11, 9, NULL, NULL, NULL, NULL),
(542, '\"Ya Se Va\"  ', '00:03:29', 12, NULL, 18, NULL, NULL, NULL),
(543, '\"Cruzare La Montana\"  ', '00:04:08', 12, NULL, 18, NULL, NULL, NULL),
(544, '\"Se Acabo Aquel Amor\"  ', '00:03:26', 12, NULL, 18, NULL, NULL, NULL),
(545, '\"Ya Lo Se Que Tu Te Vas\"  ', '00:03:24', 12, NULL, 18, NULL, NULL, NULL),
(546, '\"Parece Que Va A Llover\"  ', '00:02:53', 12, NULL, 18, NULL, NULL, NULL),
(547, '\"Tres Veces No\"  ', '00:04:46', 12, NULL, 18, NULL, NULL, NULL),
(548, '\"Give Me One More Chance\"  ', '00:03:24', 12, NULL, 18, NULL, NULL, NULL),
(549, '\"Tu, Solamente Tu\"  ', '00:04:21', 12, NULL, 18, NULL, NULL, NULL),
(550, '\"Lo Tanto Que Te Quiero\"  ', '00:03:39', 12, NULL, 18, NULL, NULL, NULL),
(551, '\"Call Me\"  ', '00:03:06', 10, NULL, 18, NULL, NULL, NULL),
(552, '\"Amor Prohibido\"', '00:02:49', 10, NULL, 18, NULL, NULL, NULL),
(553, '\"No Me Queda Mas\" ', '00:03:17', 10, NULL, 18, NULL, NULL, NULL),
(554, '\"Cobarde\" ', '00:02:50', 10, NULL, 18, NULL, NULL, NULL),
(555, '\"Fotos y Recuerdos\" ', '00:02:33', 10, NULL, 18, NULL, NULL, NULL),
(556, '\"El Chico Del Apartamento 512\" ', '00:03:28', 10, NULL, 18, NULL, NULL, NULL),
(557, '\"Bidi Bidi Bom Bom\" ', '00:03:25', 10, NULL, 18, NULL, NULL, NULL),
(558, '\"Techno Cumbia\" ', '00:03:43', 10, NULL, 18, NULL, NULL, NULL),
(559, '\"Tus Desprecios\" ', '00:03:24', 10, NULL, 18, NULL, NULL, NULL),
(560, '\"Si Una Vez\" ', '00:02:42', 10, NULL, 18, NULL, NULL, NULL),
(561, '\"Ya No\" ', '00:03:56', 10, NULL, 18, NULL, NULL, NULL),
(562, '\"I Could Fall in Love\"  ', '00:04:42', 11, NULL, 18, NULL, NULL, NULL),
(563, '\"Captive Heart\"  ', '00:04:24', 10, NULL, 18, NULL, NULL, NULL),
(564, '\"I´m Getting Used To You\"  ', '00:04:03', 10, NULL, 18, NULL, NULL, NULL),
(565, '\"God´s Child (Baila Conmigo)\" ', '00:04:16', 12, NULL, 18, NULL, NULL, NULL),
(566, '\"Dreaming of You\"  ', '00:05:15', 11, NULL, 18, NULL, NULL, NULL),
(567, '\"Missing My Baby\" ', '00:04:13', 11, NULL, 18, NULL, NULL, NULL),
(568, '\"Wherever You Are\"', '00:04:29', 11, NULL, 18, NULL, NULL, NULL),
(569, '\"El Toro Relajo\"  ', '00:02:20', 12, NULL, 18, NULL, NULL, NULL),
(570, '\"Como La Flor\" ', '00:03:05', 12, NULL, 18, NULL, NULL, NULL),
(580, 'Listen To Your Heart', '00:03:10', 23, NULL, 127, NULL, NULL, NULL),
(581, 'Let Me Go', '00:03:02', 23, NULL, 127, NULL, NULL, NULL),
(582, 'Listen To Your Heart', '00:03:10', 23, NULL, 127, NULL, NULL, NULL),
(583, 'Listen To Your Heart', '00:03:10', 23, NULL, 127, NULL, NULL, NULL),
(584, 'Listen To Your Heart', '00:03:10', 23, NULL, 127, NULL, NULL, NULL),
(585, 'Listen To Your Heart', '00:03:10', 23, NULL, 127, NULL, NULL, NULL),
(586, 'Listen To Your Heart', '00:03:10', 23, NULL, 127, NULL, NULL, NULL),
(587, 'Listen To Your Heart', '00:03:10', 23, NULL, 127, NULL, NULL, NULL),
(588, 'Listen To Your Heart', '00:03:10', 23, NULL, 127, NULL, NULL, NULL),
(589, 'Listen To Your Heart', '00:03:10', 23, NULL, 127, NULL, NULL, NULL),
(590, 'Listen To Your Heart', '00:03:10', 23, NULL, 127, NULL, NULL, NULL),
(591, 'Best Friend', '00:05:52', 23, NULL, 127, NULL, NULL, NULL),
(592, 'Cry Baby', '00:06:07', 9, NULL, 119, NULL, NULL, NULL),
(593, 'Dollhouse', '00:04:26', 9, NULL, 119, NULL, NULL, NULL),
(594, 'Sippy Cup', '00:03:22', 9, NULL, 119, NULL, NULL, NULL),
(595, 'Carousel', '00:03:50', 9, NULL, 119, NULL, NULL, NULL),
(596, 'Alphabet Boy', '00:04:13', 9, NULL, 119, NULL, NULL, NULL),
(597, 'Soap', '00:03:29', 9, NULL, 119, NULL, NULL, NULL),
(598, 'Training Wheels', '00:03:25', 9, NULL, 119, NULL, NULL, NULL),
(599, 'Pity Party', '00:03:24', 9, NULL, 119, NULL, NULL, NULL),
(600, 'Tag, You Are It', '00:03:09', 9, NULL, 119, NULL, NULL, NULL),
(601, 'Milk and Cookies', '00:03:26', 9, NULL, 119, NULL, NULL, NULL),
(602, 'Pacify Her', '00:03:40', 9, NULL, 119, NULL, NULL, NULL),
(603, 'Mrs. Potato Head', '00:03:37', 9, NULL, 119, NULL, NULL, NULL),
(604, 'Mad Hatter', '00:03:21', 9, NULL, 119, NULL, NULL, NULL),
(605, 'Wheels On the Bus', '00:03:40', 9, NULL, 119, NULL, NULL, NULL),
(606, 'Class Fight', '00:02:41', 9, NULL, 119, NULL, NULL, NULL),
(607, 'The Principal', '00:02:56', 9, NULL, 119, NULL, NULL, NULL),
(608, 'Show & Tell', '00:03:35', 9, NULL, 119, NULL, NULL, NULL),
(609, '\'Nurse\'s Office\'', '00:03:22', 9, NULL, 119, NULL, NULL, NULL),
(610, 'Drama Club  ', '00:03:45', 9, NULL, 119, NULL, NULL, NULL),
(611, 'Strawberry Shortcake  ', '00:03:04', 9, NULL, 119, NULL, NULL, NULL),
(612, 'Lunchbox Friends', '00:02:49', 9, NULL, 119, NULL, NULL, NULL),
(613, 'Orange Juice', '00:03:37', 9, NULL, 119, NULL, NULL, NULL),
(614, 'Detention', '00:03:56', 9, NULL, 119, NULL, NULL, NULL),
(615, '\'Teacher\'s Pet\'', '00:04:01', 9, NULL, 119, NULL, NULL, NULL),
(616, 'High School Sweethearts', '00:05:11', 9, NULL, 119, NULL, NULL, NULL),
(617, 'Recess', '00:03:50', 9, NULL, 119, NULL, NULL, NULL),
(618, 'Dollhouse', '00:03:51', 9, NULL, 119, NULL, NULL, NULL),
(619, 'Carousel', '00:03:50', 9, NULL, 119, NULL, NULL, NULL),
(620, 'Dead to Me', '00:03:30', 9, NULL, 119, NULL, NULL, NULL),
(621, 'Bittersweet Tragedy', '00:04:48', 9, NULL, 119, NULL, NULL, NULL),
(622, 'Notebook', '00:02:31', 9, NULL, 119, NULL, NULL, NULL),
(623, 'Test Me', '00:02:55', 9, NULL, 119, NULL, NULL, NULL),
(624, 'Brain & Heart', '00:03:23', 9, NULL, 119, NULL, NULL, NULL),
(625, 'Numbers', '00:04:39', 9, NULL, 119, NULL, NULL, NULL),
(626, 'Glued', '00:03:13', 9, NULL, 119, NULL, NULL, NULL),
(627, 'Field Trip', '00:03:01', 9, NULL, 119, NULL, NULL, NULL),
(628, 'The Bakery', '00:02:35', 9, NULL, 119, NULL, NULL, NULL),
(629, 'Consideration', '00:02:41', 5, NULL, 120, NULL, NULL, NULL),
(630, 'James Joint', '00:01:12', 5, NULL, 120, NULL, NULL, NULL),
(631, 'Kiss It Better  ', '00:04:13', 5, NULL, 120, NULL, NULL, NULL),
(632, 'Work', '00:03:39', 5, NULL, 120, NULL, NULL, NULL),
(633, 'Desperado', '00:03:06', 5, NULL, 120, NULL, NULL, NULL),
(634, 'Woo', '00:03:55', 5, NULL, 120, NULL, NULL, NULL),
(635, 'Needed Me', '00:03:11', 5, NULL, 120, NULL, NULL, NULL),
(636, 'Yeah, I Said It', '00:02:13', 5, NULL, 120, NULL, NULL, NULL),
(637, '\'Same Ol\' Mistakes\'', '00:06:37', 5, NULL, 120, NULL, NULL, NULL),
(638, 'Never Ending', '00:03:22', 5, NULL, 120, NULL, NULL, NULL),
(639, 'Love on the Brain', '00:03:44', 5, NULL, 120, NULL, NULL, NULL),
(640, 'Higher', '00:03:07', 5, NULL, 120, NULL, NULL, NULL),
(641, 'Close to You', '00:02:00', 5, NULL, 120, NULL, NULL, NULL),
(642, 'You Da One', '00:03:43', 5, NULL, 120, NULL, NULL, NULL),
(643, 'Where Have You Been', '00:03:20', 5, NULL, 120, NULL, NULL, NULL),
(644, 'We Found Love', '00:04:02', 5, NULL, 120, NULL, NULL, NULL),
(645, 'Talk That Talk', '00:03:35', 5, NULL, 120, NULL, NULL, NULL),
(646, 'Cockiness (Love It)', '00:03:29', 5, NULL, 120, NULL, NULL, NULL),
(647, 'Birthday Cake', '00:02:58', 5, NULL, 120, NULL, NULL, NULL),
(648, 'We All Want Love', '00:01:18', 5, NULL, 120, NULL, NULL, NULL),
(649, 'Drunk on Love', '00:03:57', 5, NULL, 120, NULL, NULL, NULL),
(650, 'Roc Me Out', '00:03:32', 5, NULL, 120, NULL, NULL, NULL),
(651, '\'Watch n\' Learn\'', '00:03:29', 5, NULL, 120, NULL, NULL, NULL),
(652, 'Farewell', '00:03:21', 5, NULL, 120, NULL, NULL, NULL),
(653, 'SOS', '00:04:16', 5, NULL, 120, NULL, NULL, NULL),
(654, '\'Kisses Don\'t Lie\'', '00:04:00', 5, NULL, 120, NULL, NULL, NULL),
(655, 'Unfaithful', '00:03:52', 5, NULL, 120, NULL, NULL, NULL),
(656, 'We Ride', '00:03:48', 5, NULL, 120, NULL, NULL, NULL),
(657, 'Dem Haters', '00:03:56', 5, NULL, 120, NULL, NULL, NULL),
(658, 'Final Goodbye', '00:04:19', 5, NULL, 120, NULL, NULL, NULL),
(659, 'Break It Off', '00:03:14', 5, NULL, 120, NULL, NULL, NULL),
(660, 'Crazy Little Thing Called Love', '00:03:34', 5, NULL, 120, NULL, NULL, NULL),
(661, 'Selfish Girl', '00:03:23', 5, NULL, 120, NULL, NULL, NULL),
(662, '\'P.S. (I\'m Still Not Over You)\'', '00:03:38', 5, NULL, 120, NULL, NULL, NULL),
(663, 'A Girl like Me', '00:04:11', 5, NULL, 120, NULL, NULL, NULL),
(664, 'A Million Miles Away', '00:04:18', 5, NULL, 120, NULL, NULL, NULL),
(665, 'A Moment of Silence', '00:04:11', 14, 19, NULL, NULL, NULL, NULL),
(666, 'Prey', '00:00:30', 14, 19, NULL, NULL, NULL, NULL),
(667, 'Cry Baby', '00:04:47', 14, 19, NULL, NULL, NULL, NULL),
(668, 'Wiped Out!', '00:03:56', 14, 19, NULL, NULL, NULL, NULL),
(669, 'The Beach', '00:06:15', 14, 19, NULL, NULL, NULL, NULL),
(670, 'Daddy Issues ', '00:04:17', 14, 19, NULL, NULL, NULL, NULL),
(671, 'Baby Came Home 2 / Valentines', '00:04:20', 14, 19, NULL, NULL, NULL, NULL),
(672, 'Greetings from Califournia', '00:06:35', 14, 19, NULL, NULL, NULL, NULL),
(673, 'Ferrari', '00:03:50', 14, 19, NULL, NULL, NULL, NULL),
(674, 'Single', '00:03:03', 14, 19, NULL, NULL, NULL, NULL),
(675, 'R.I.P. 2 My Mouth', '00:04:20', 14, 19, NULL, NULL, NULL, NULL),
(676, 'How', '00:03:27', 14, 19, NULL, NULL, NULL, NULL),
(677, 'Afraid', '00:05:14', 14, 19, NULL, NULL, NULL, NULL),
(678, '\'Everybody\'s Watching Me (Uh Oh)\'', '00:04:11', 14, 19, NULL, NULL, NULL, NULL),
(679, 'Sweater Weather', '00:03:58', 14, 19, NULL, NULL, NULL, NULL),
(680, 'Let It Go', '00:03:56', 14, 19, NULL, NULL, NULL, NULL),
(681, 'Alleyways', '00:03:17', 14, 19, NULL, NULL, NULL, NULL),
(682, 'W.D.Y.W.F.M?', '00:04:27', 14, 19, NULL, NULL, NULL, NULL),
(683, 'Flawless', '00:04:19', 14, 19, NULL, NULL, NULL, NULL),
(684, 'Female Robbery', '00:04:06', 14, 19, NULL, NULL, NULL, NULL),
(685, 'Staying Up', '00:03:29', 14, 19, NULL, NULL, NULL, NULL),
(686, 'Float', '00:04:28', 14, 19, NULL, NULL, NULL, NULL),
(687, 'Flowers', '00:04:21', 14, 19, NULL, NULL, NULL, NULL),
(688, 'Scary Love', '00:03:18', 14, 19, NULL, NULL, NULL, NULL),
(689, 'Nervous', '00:03:44', 14, 19, NULL, NULL, NULL, NULL),
(690, 'Void', '00:04:09', 14, 19, NULL, NULL, NULL, NULL),
(691, 'Softcore', '00:03:25', 14, 19, NULL, NULL, NULL, NULL),
(692, 'Blue', '00:03:28', 14, 19, NULL, NULL, NULL, NULL),
(693, 'Sadderdaze', '00:03:13', 14, 19, NULL, NULL, NULL, NULL),
(694, 'Revenge', '00:04:10', 14, 19, NULL, NULL, NULL, NULL),
(695, 'You Get Me So High', '00:03:19', 14, 19, NULL, NULL, NULL, NULL),
(696, 'Reflections', '00:02:33', 14, 19, NULL, NULL, NULL, NULL),
(697, 'Too Serious', '00:04:04', 14, 19, NULL, NULL, NULL, NULL),
(698, 'Stuck with Me', '00:03:13', 14, 19, NULL, NULL, NULL, NULL),
(699, 'Throwed', '00:03:01', 7, NULL, 91, NULL, NULL, NULL),
(700, 'Throwed', '00:03:01', 7, NULL, 91, NULL, NULL, NULL),
(701, 'Throwed', '00:03:01', 7, NULL, 91, NULL, NULL, NULL),
(702, 'Kiss Kiss', '00:04:10', 7, NULL, 91, NULL, NULL, NULL),
(703, 'Throwed', '00:03:01', 7, NULL, 91, NULL, NULL, NULL),
(704, 'Kiss Kiss', '00:04:10', 7, NULL, 91, NULL, NULL, NULL),
(705, 'Take You Down', '00:04:05', 7, NULL, 91, NULL, NULL, NULL),
(706, 'With You', '00:04:12', 7, NULL, 91, NULL, NULL, NULL),
(707, 'Picture Perfect', '00:04:12', 7, NULL, 91, NULL, NULL, NULL),
(708, 'Hold Up', '00:03:48', 7, NULL, 91, NULL, NULL, NULL),
(709, 'You', '00:03:22', 7, NULL, 91, NULL, NULL, NULL),
(710, 'Damage', '00:04:16', 7, NULL, 91, NULL, NULL, NULL),
(711, 'Wall to Wall', '00:03:43', 7, NULL, 91, NULL, NULL, NULL),
(712, 'Help Me', '00:03:17', 7, NULL, 91, NULL, NULL, NULL),
(713, 'I Wanna Be', '00:03:46', 7, NULL, 91, NULL, NULL, NULL),
(714, 'Gimme Watcha Got', '00:03:48', 7, NULL, 91, NULL, NULL, NULL),
(715, 'I’ll Call Ya', '00:03:53', 7, NULL, 91, NULL, NULL, NULL),
(716, 'Lottery', '00:03:41', 7, NULL, 91, NULL, NULL, NULL),
(717, 'Nice', '00:04:42', 7, NULL, 91, NULL, NULL, NULL),
(718, 'Down', '00:04:17', 7, NULL, 91, NULL, NULL, NULL),
(719, 'Jam', '00:05:39', 5, NULL, 92, NULL, NULL, NULL),
(720, 'Why You Wanna Trip on Me', '00:05:49', 5, NULL, 92, NULL, NULL, NULL),
(721, 'In the Closet', '00:06:31', 5, NULL, 92, NULL, NULL, NULL),
(722, 'She Drives Me Wild', '00:03:42', 5, NULL, 92, NULL, NULL, NULL),
(723, 'Remember the Time', '00:04:00', 5, NULL, 92, NULL, NULL, NULL),
(724, 'Can\'t Let Her Get Away', '00:04:59', 5, NULL, 92, NULL, NULL, NULL),
(725, 'Heal the World', '00:06:59', 5, NULL, 92, NULL, NULL, NULL),
(726, 'Black or White', '00:04:16', 5, NULL, 92, NULL, NULL, NULL),
(727, 'Who Is It', '00:06:58', 5, NULL, 92, NULL, NULL, NULL),
(728, 'Give In To Me', '00:05:29', 5, NULL, 92, NULL, NULL, NULL),
(729, 'Will You Be There', '00:07:49', 5, NULL, 92, NULL, NULL, NULL),
(730, 'Keep the Faith', '00:05:58', 5, NULL, 92, NULL, NULL, NULL),
(731, 'Gone Too Soon', '00:03:23', 5, NULL, 92, NULL, NULL, NULL),
(732, 'Dangerous', '00:06:57', 5, NULL, 92, NULL, NULL, NULL),
(733, '24K Magic', '00:03:47', 5, NULL, 93, NULL, NULL, NULL),
(734, 'Chunky', '00:03:06', 5, NULL, 93, NULL, NULL, NULL),
(735, 'Perm', '00:03:06', 5, NULL, 93, NULL, NULL, NULL),
(736, 'That\'s What I Like', '00:03:26', 5, NULL, 93, NULL, NULL, NULL),
(737, 'Versace on the Floor', '00:04:26', 5, NULL, 93, NULL, NULL, NULL),
(738, 'Straight Up & Down', '00:03:18', 5, NULL, 93, NULL, NULL, NULL),
(739, 'Calling All My Lovelies', '00:04:10', 5, NULL, 93, NULL, NULL, NULL),
(740, 'Finesse', '00:03:10', 5, NULL, 93, NULL, NULL, NULL),
(741, 'Too Good to Say Goodbye', '00:04:41', 5, NULL, 93, NULL, NULL, NULL),
(744, 'Intro', '03:00:00', 7, NULL, 129, NULL, NULL, NULL),
(745, 'Fack', '03:00:00', 7, NULL, 129, NULL, NULL, NULL),
(746, 'The Way I Am', '03:00:00', 7, NULL, 129, NULL, NULL, NULL),
(747, 'My Name Is', '03:00:00', 7, NULL, 129, NULL, NULL, NULL),
(748, 'Stan', '03:00:00', 7, NULL, 129, NULL, NULL, NULL),
(749, 'Lose Yourself', '03:00:00', 7, NULL, 129, NULL, NULL, NULL),
(750, 'Shake That', '03:00:00', 7, NULL, 129, NULL, NULL, NULL),
(751, 'Sing for the Moment', '03:00:00', 7, NULL, 129, NULL, NULL, NULL),
(752, 'Without Me', '03:00:00', 7, NULL, 129, NULL, NULL, NULL),
(753, 'Like Toy Soldiers', '03:00:00', 7, NULL, 129, NULL, NULL, NULL),
(754, 'The Real Slim Shady', '03:00:00', 7, NULL, 129, NULL, NULL, NULL),
(755, 'Mockingbird', '03:00:00', 7, NULL, 129, NULL, NULL, NULL),
(756, 'Guilty Conscience', '03:00:00', 7, NULL, 129, NULL, NULL, NULL),
(757, 'Cleanin out My Closet', '03:00:00', 7, NULL, 129, NULL, NULL, NULL),
(758, 'Just Lose It', '03:00:00', 7, NULL, 129, NULL, NULL, NULL),
(759, 'When Im Gone', '03:00:00', 7, NULL, 129, NULL, NULL, NULL),
(760, 'Stan [Live]', '03:00:00', 7, NULL, 129, NULL, NULL, NULL),
(761, 'Livin On A Prayer', '03:00:00', 2, 20, NULL, NULL, NULL, NULL),
(762, 'You Give Love A Bad Name', '03:00:00', 2, 20, NULL, NULL, NULL, NULL),
(763, 'Its My Life', '03:00:00', 2, 20, NULL, NULL, NULL, NULL),
(764, 'Have a Nice Day', '03:00:00', 2, 20, NULL, NULL, NULL, NULL),
(765, 'Wanted Dead Or Alive', '03:00:00', 2, 20, NULL, NULL, NULL, NULL),
(766, 'Bad Medicine', '03:00:00', 2, 20, NULL, NULL, NULL, NULL),
(767, 'We Werent Born To Follow', '03:00:00', 2, 20, NULL, NULL, NULL, NULL),
(768, 'Ill Be There For You', '03:00:00', 2, 20, NULL, NULL, NULL, NULL),
(769, 'Born To Be My Baby', '03:00:00', 2, 20, NULL, NULL, NULL, NULL),
(770, 'Blaze Of Glory', '03:00:00', 2, 20, NULL, NULL, NULL, NULL),
(771, 'Who Says You Cant Go Home', '03:00:00', 2, 20, NULL, NULL, NULL, NULL),
(772, 'Lay Your Hands On Me', '03:00:00', 2, 20, NULL, NULL, NULL, NULL),
(773, 'Always', '03:00:00', 2, 20, NULL, NULL, NULL, NULL),
(774, 'Runaway', '03:00:00', 2, 20, NULL, NULL, NULL, NULL),
(775, 'What do You Got?', '03:00:00', 2, 20, NULL, NULL, NULL, NULL),
(776, 'No Apologies', '03:00:00', 2, 20, NULL, NULL, NULL, NULL),
(777, 'Survival', '03:00:00', 7, NULL, 130, NULL, NULL, NULL),
(778, 'Nonstop', '03:00:00', 7, NULL, 130, NULL, NULL, NULL),
(779, 'Elevate', '03:00:00', 7, NULL, 130, NULL, NULL, NULL),
(780, 'Emotionless', '03:00:00', 7, NULL, 130, NULL, NULL, NULL),
(781, 'Gods Plan', '03:00:00', 7, NULL, 130, NULL, NULL, NULL),
(782, 'Im Upset', '03:00:00', 7, NULL, 130, NULL, NULL, NULL),
(783, '8 Out Of 10', '03:00:00', 7, NULL, 130, NULL, NULL, NULL),
(784, 'Mob Ties', '03:00:00', 7, NULL, 130, NULL, NULL, NULL),
(785, 'Cant Take a Joke', '03:00:00', 7, NULL, 130, NULL, NULL, NULL),
(786, 'Sandras Rose', '03:00:00', 7, NULL, 130, NULL, NULL, NULL),
(787, 'Talk Up (feat. JAY-Z)', '03:00:00', 7, NULL, 130, NULL, NULL, NULL),
(788, 'Is There More', '03:00:00', 7, NULL, 130, NULL, NULL, NULL),
(789, 'HOLLYWOOD´S BLEEDING', '02:36:00', 24, NULL, 135, NULL, NULL, NULL),
(790, 'SAINT-TROPEZ', '02:31:00', 24, NULL, 135, NULL, NULL, NULL),
(791, 'ENEMIES(FEAT. DABABY', '03:17:00', 24, NULL, 135, NULL, NULL, NULL),
(792, 'ALLERGIC', '02:37:00', 24, NULL, 135, NULL, NULL, NULL),
(793, 'A THOUSAND BAD TIMES', '03:41:00', 24, NULL, 135, NULL, NULL, NULL),
(794, 'CIRCLES', '03:35:00', 24, NULL, 135, NULL, NULL, NULL),
(795, 'DIE FOR ME (FEAT. FUTURE & HALSEY)', '04:05:00', 24, NULL, 135, NULL, NULL, NULL),
(796, 'ON THE ROAD (FEAT. MEEK MILL & LIL BABY)', '03:38:00', 24, NULL, 135, NULL, NULL, NULL),
(797, 'TAKE WHAT YOU WHANT (FEAT. OZZY & TRAVIS SCOTT)', '03:50:00', 24, NULL, 135, NULL, NULL, NULL),
(798, 'I´M GONNA BE', '03:21:00', 24, NULL, 135, NULL, NULL, NULL),
(799, 'STARING AT THE SUN (FEAT. SZA)', '02:48:00', 24, NULL, 135, NULL, NULL, NULL),
(800, 'SUNFLOWER - SPIDER-MAN INTO THE SPIDERVERSE', '02:38:00', 24, NULL, 135, NULL, NULL, NULL),
(801, 'INTERNET', '02:03:00', 24, NULL, 135, NULL, NULL, NULL),
(802, 'GOODBYES (FEAT. YOUNG THUG)', '02:55:00', 24, NULL, 135, NULL, NULL, NULL),
(803, 'MYSELF', '02:38:00', 24, NULL, 135, NULL, NULL, NULL),
(804, 'I KNOW', '02:22:00', 24, NULL, 135, NULL, NULL, NULL),
(805, 'WOW', '02:30:00', 24, NULL, 135, NULL, NULL, NULL),
(806, 'STAR TREATMENT', '05:55:00', 2, 21, NULL, NULL, NULL, NULL),
(807, 'ONE POINT PERSPECTIVE', '03:29:00', 2, 21, NULL, NULL, NULL, NULL),
(808, 'AMERICAN SPORT', '02:28:00', 2, 21, NULL, NULL, NULL, NULL),
(809, 'TRANQUILITY BASE HOTEL & CASINO', '03:32:00', 2, 21, NULL, NULL, NULL, NULL),
(810, 'GOLDEN TRUCKS', '02:54:00', 2, 21, NULL, NULL, NULL, NULL),
(811, 'FOUR OUT OF FIVE ', '05:12:00', 2, 21, NULL, NULL, NULL, NULL),
(812, 'THE WORLD´S FIRST EVER MONSTER TRUCK FRONT FLIP', '03:00:00', 2, 21, NULL, NULL, NULL, NULL),
(813, 'SCIENCE FICTION', '03:06:00', 2, 21, NULL, NULL, NULL, NULL),
(814, 'SHE LOOKS LIKE FUN', '03:03:00', 2, 21, NULL, NULL, NULL, NULL),
(815, 'BATPHONE', '04:32:00', 2, 21, NULL, NULL, NULL, NULL),
(816, 'THE ULTRACHASE ', '03:38:00', 2, 21, NULL, NULL, NULL, NULL),
(817, 'DO I WANNA KNOW', '04:32:00', 2, 21, NULL, NULL, NULL, NULL),
(818, 'R U MINE?', '03:21:00', 2, 21, NULL, NULL, NULL, NULL),
(819, 'ONE FOR THE ROAD', '03:26:00', 2, 21, NULL, NULL, NULL, NULL),
(820, 'ARABELLA', '03:27:00', 2, 21, NULL, NULL, NULL, NULL),
(821, 'I WANT IT ALL', '03:04:00', 2, 21, NULL, NULL, NULL, NULL),
(822, 'NO. 1 PARTY ANTHEM', '04:03:00', 2, 21, NULL, NULL, NULL, NULL),
(823, 'MAD SOUNDS', '03:35:00', 2, 21, NULL, NULL, NULL, NULL),
(824, 'FIRESIDE', '03:01:00', 2, 21, NULL, NULL, NULL, NULL),
(825, 'WHY´D YOU ONLY CALL ME WHEN YOU´RE HIGH?', '02:41:00', 2, 21, NULL, NULL, NULL, NULL);
INSERT INTO `MUSICAS` (`MSCCODIGO`, `MSCNOME`, `MSCDURACAO`, `MSCGENERO`, `MSCBANDA`, `MSCARTISTA`, `MSCLETRA`, `MSCVIDEO`, `MSCAUDIO`) VALUES
(826, 'SNAP OUT OF IT', '03:12:00', 2, 21, NULL, NULL, NULL, NULL),
(827, 'KNEE SOCKS', '04:17:00', 2, 21, NULL, NULL, NULL, NULL),
(828, 'I WANNA BE YOURS', '03:04:00', 2, 21, NULL, NULL, NULL, NULL);

-- --------------------------------------------------------

--
-- Estrutura da tabela `USUARIOS`
--

CREATE TABLE `USUARIOS` (
  `USRCODIGO` int UNSIGNED NOT NULL,
  `USRNOME` varchar(150) DEFAULT NULL,
  `USRLOGIN` varchar(15) NOT NULL,
  `USREMAIL` varchar(150) NOT NULL,
  `USRSENHA` varchar(50) NOT NULL,
  `USRBLOQUEIO` tinyint(1) NOT NULL DEFAULT '0'
) ENGINE=InnoDB DEFAULT CHARSET=utf8mb4;

--
-- Extraindo dados da tabela `USUARIOS`
--

INSERT INTO `USUARIOS` (`USRCODIGO`, `USRNOME`, `USRLOGIN`, `USREMAIL`, `USRSENHA`, `USRBLOQUEIO`) VALUES
(1, 'Gabriel', 'um', 'gabriel@gmail', '1234', 0),
(2, 'Administrador do sistema', 'admin', 'adm@servidor.com', '827ccb0eea8a706c4c34a16891f84e7b', 0),
(3, '', '', '', 'd41d8cd98f00b204e9800998ecf8427e', 0),
(4, 'Fulano da Silva', 'Fulano', 'fulano@servidor.com', '827ccb0eea8a706c4c34a16891f84e7b', 0),
(7, 'dfgfd dfgfd', 'dfgdfg', 'djfh@gmail.com', '202cb962ac59075b964b07152d234b70', 0),
(8, 'nmnmvv', 'nmm,mm', 'v@hgcgh', 'd5a5a0719549b4565e93f9fa35248b03', 0),
(9, 'Var Argas', 'Var Argas', 'Var_Argas@gmail.com', '234e508a95acb0a6931a4d2c08330d27', 0);

--
-- Índices para tabelas despejadas
--

--
-- Índices para tabela `ALBUNS`
--
ALTER TABLE `ALBUNS`
  ADD PRIMARY KEY (`ALBCODIGO`),
  ADD KEY `ALBGRAVADORA` (`ALBGRAVADORA`),
  ADD KEY `ALBGENERO` (`ALBGENERO`),
  ADD KEY `ALBBANDA` (`ALBBANDA`),
  ADD KEY `ALBARTISTA` (`ALBARTISTA`),
  ADD KEY `ALBMIDIA` (`ALBMIDIA`);

--
-- Índices para tabela `ARTISTAS`
--
ALTER TABLE `ARTISTAS`
  ADD PRIMARY KEY (`ARTCODIGO`);

--
-- Índices para tabela `BANDAS`
--
ALTER TABLE `BANDAS`
  ADD PRIMARY KEY (`BDSCODIGO`);

--
-- Índices para tabela `FAIXAS`
--
ALTER TABLE `FAIXAS`
  ADD PRIMARY KEY (`FXSALBUM`,`FXSMUSICA`),
  ADD KEY `FXSMUSICA` (`FXSMUSICA`);

--
-- Índices para tabela `GENEROS`
--
ALTER TABLE `GENEROS`
  ADD PRIMARY KEY (`GNRCODIGO`);

--
-- Índices para tabela `GRAVADORAS`
--
ALTER TABLE `GRAVADORAS`
  ADD PRIMARY KEY (`GRVCODIGO`);

--
-- Índices para tabela `INSTRUMENTOS`
--
ALTER TABLE `INSTRUMENTOS`
  ADD PRIMARY KEY (`INSCODIGO`);

--
-- Índices para tabela `INTEGRANTES`
--
ALTER TABLE `INTEGRANTES`
  ADD PRIMARY KEY (`ITGBANDA`,`ITGARTISTA`),
  ADD KEY `ITGARTISTA` (`ITGARTISTA`),
  ADD KEY `ITGINSTRUMENTO` (`ITGINSTRUMENTO`);

--
-- Índices para tabela `MIDIAS`
--
ALTER TABLE `MIDIAS`
  ADD PRIMARY KEY (`MDSCODIGO`);

--
-- Índices para tabela `MUSICAS`
--
ALTER TABLE `MUSICAS`
  ADD PRIMARY KEY (`MSCCODIGO`),
  ADD KEY `MSCGENERO` (`MSCGENERO`),
  ADD KEY `MSCBANDA` (`MSCBANDA`),
  ADD KEY `MSCARTISTA` (`MSCARTISTA`);

--
-- Índices para tabela `USUARIOS`
--
ALTER TABLE `USUARIOS`
  ADD PRIMARY KEY (`USRCODIGO`),
  ADD UNIQUE KEY `USRLOGIN` (`USRLOGIN`),
  ADD UNIQUE KEY `USREMAIL` (`USREMAIL`);

--
-- AUTO_INCREMENT de tabelas despejadas
--

--
-- AUTO_INCREMENT de tabela `ALBUNS`
--
ALTER TABLE `ALBUNS`
  MODIFY `ALBCODIGO` int UNSIGNED NOT NULL AUTO_INCREMENT, AUTO_INCREMENT=82;

--
-- AUTO_INCREMENT de tabela `ARTISTAS`
--
ALTER TABLE `ARTISTAS`
  MODIFY `ARTCODIGO` int UNSIGNED NOT NULL AUTO_INCREMENT, AUTO_INCREMENT=141;

--
-- AUTO_INCREMENT de tabela `BANDAS`
--
ALTER TABLE `BANDAS`
  MODIFY `BDSCODIGO` int UNSIGNED NOT NULL AUTO_INCREMENT, AUTO_INCREMENT=22;

--
-- AUTO_INCREMENT de tabela `GENEROS`
--
ALTER TABLE `GENEROS`
  MODIFY `GNRCODIGO` int UNSIGNED NOT NULL AUTO_INCREMENT, AUTO_INCREMENT=28;

--
-- AUTO_INCREMENT de tabela `GRAVADORAS`
--
ALTER TABLE `GRAVADORAS`
  MODIFY `GRVCODIGO` int UNSIGNED NOT NULL AUTO_INCREMENT, AUTO_INCREMENT=33;

--
-- AUTO_INCREMENT de tabela `INSTRUMENTOS`
--
ALTER TABLE `INSTRUMENTOS`
  MODIFY `INSCODIGO` int UNSIGNED NOT NULL AUTO_INCREMENT, AUTO_INCREMENT=15;

--
-- AUTO_INCREMENT de tabela `MIDIAS`
--
ALTER TABLE `MIDIAS`
  MODIFY `MDSCODIGO` int UNSIGNED NOT NULL AUTO_INCREMENT, AUTO_INCREMENT=6;

--
-- AUTO_INCREMENT de tabela `MUSICAS`
--
ALTER TABLE `MUSICAS`
  MODIFY `MSCCODIGO` int UNSIGNED NOT NULL AUTO_INCREMENT, AUTO_INCREMENT=829;

--
-- AUTO_INCREMENT de tabela `USUARIOS`
--
ALTER TABLE `USUARIOS`
  MODIFY `USRCODIGO` int UNSIGNED NOT NULL AUTO_INCREMENT, AUTO_INCREMENT=12;

--
-- Restrições para despejos de tabelas
--

--
-- Limitadores para a tabela `ALBUNS`
--
ALTER TABLE `ALBUNS`
  ADD CONSTRAINT `ALBUNS_ibfk_1` FOREIGN KEY (`ALBGRAVADORA`) REFERENCES `GRAVADORAS` (`GRVCODIGO`),
  ADD CONSTRAINT `ALBUNS_ibfk_2` FOREIGN KEY (`ALBGENERO`) REFERENCES `GENEROS` (`GNRCODIGO`),
  ADD CONSTRAINT `ALBUNS_ibfk_3` FOREIGN KEY (`ALBBANDA`) REFERENCES `BANDAS` (`BDSCODIGO`),
  ADD CONSTRAINT `ALBUNS_ibfk_4` FOREIGN KEY (`ALBARTISTA`) REFERENCES `ARTISTAS` (`ARTCODIGO`),
  ADD CONSTRAINT `ALBUNS_ibfk_5` FOREIGN KEY (`ALBMIDIA`) REFERENCES `MIDIAS` (`MDSCODIGO`);

--
-- Limitadores para a tabela `FAIXAS`
--
ALTER TABLE `FAIXAS`
  ADD CONSTRAINT `FAIXAS_ibfk_1` FOREIGN KEY (`FXSALBUM`) REFERENCES `ALBUNS` (`ALBCODIGO`),
  ADD CONSTRAINT `FAIXAS_ibfk_2` FOREIGN KEY (`FXSMUSICA`) REFERENCES `MUSICAS` (`MSCCODIGO`);

--
-- Limitadores para a tabela `INTEGRANTES`
--
ALTER TABLE `INTEGRANTES`
  ADD CONSTRAINT `INTEGRANTES_ibfk_1` FOREIGN KEY (`ITGBANDA`) REFERENCES `BANDAS` (`BDSCODIGO`),
  ADD CONSTRAINT `INTEGRANTES_ibfk_2` FOREIGN KEY (`ITGARTISTA`) REFERENCES `ARTISTAS` (`ARTCODIGO`),
  ADD CONSTRAINT `INTEGRANTES_ibfk_3` FOREIGN KEY (`ITGINSTRUMENTO`) REFERENCES `INSTRUMENTOS` (`INSCODIGO`);

--
-- Limitadores para a tabela `MUSICAS`
--
ALTER TABLE `MUSICAS`
  ADD CONSTRAINT `MUSICAS_ibfk_1` FOREIGN KEY (`MSCGENERO`) REFERENCES `GENEROS` (`GNRCODIGO`),
  ADD CONSTRAINT `MUSICAS_ibfk_2` FOREIGN KEY (`MSCBANDA`) REFERENCES `BANDAS` (`BDSCODIGO`),
  ADD CONSTRAINT `MUSICAS_ibfk_3` FOREIGN KEY (`MSCARTISTA`) REFERENCES `ARTISTAS` (`ARTCODIGO`);
COMMIT;

/*!40101 SET CHARACTER_SET_CLIENT=@OLD_CHARACTER_SET_CLIENT */;
/*!40101 SET CHARACTER_SET_RESULTS=@OLD_CHARACTER_SET_RESULTS */;
/*!40101 SET COLLATION_CONNECTION=@OLD_COLLATION_CONNECTION */;
